Frequency/GHz,real(s11),imag(s11)
18.3,0.007307063660457774,-0.004084143762743769
18.301,0.00731919261942468,-0.004092703185021113
18.302,0.007330198751511197,-0.004100666332698982
18.303,0.007340111372522329,-0.004108028865338065
18.304,0.007348959311170439,-0.00411478696778389
18.305,0.007356770908701071,-0.004120937328639468
18.306,0.007363574019140423,-0.004126477119218125
18.307,0.0073693960100327804,-0.004131403972924996
18.308,0.00737426376377856,-0.00413571596513615
18.309,0.007378203679427181,-0.004139411593534148
18.31,0.00738124167496898,-0.004142489758924062
18.311,0.007383403190091231,-0.004144949746539728
18.312,0.0073847131893544915,-0.004146791207818662
18.313,0.007385196165790919,-0.004148014142685119
18.314,0.0073848761448736255,-0.004148618882303556
18.315,0.007383776688868998,-0.004148606072331723
18.316,0.007381920901521927,-0.00414797665665112
18.317,0.007379331433068181,-0.004146731861614045
18.318,0.007376030485533341,-0.004144873180740943
18.319,0.007372039818347775,-0.004142402359933489
18.32,0.00736738075416557,-0.004139321383154884
18.321,0.007362074184991935,-0.00413563245859444
18.322,0.007356140578478748,-0.004131338005325627
18.323,0.007349599984452587,-0.004126440640408166
18.324,0.00734247204162114,-0.004120943166484509
18.325,0.007334775984458475,-0.004114848559824441
18.326,0.007326530650221735,-0.004108159958863655
18.327,0.007317754486132033,-0.004100880653133368
18.328,0.007308465556650656,-0.004093014072718101
18.329,0.007298681550890973,-0.0040845637780847766
18.33,0.007288419790076939,-0.004075533450403873
18.331,0.007277697235123087,-0.004065926882261317
18.332,0.007266530494255963,-0.004055747968818732
18.333,0.007254935830679987,-0.004045000699392079
18.334,0.007242929170291401,-0.0040336891494029276
18.335,0.007230526109418295,-0.004021817472788389
18.336,0.007217741922559862,-0.004009389894756646
18.337,0.007204591570133534,-0.003996410704955794
18.338,0.007191089706211351,-0.003982884251016561
18.339,0.007177250686257741,-0.003968814932445455
18.34,0.0071630885747762385,-0.003954207194925417
18.341,0.0071486171530036335,-0.003939065524920959
18.342,0.0071338499264575195,-0.003923394444656281
18.343,0.00711880013251201,-0.003907198507422507
18.344,0.007103480747863128,-0.003890482293224126
18.345,0.007087904495894387,-0.003873250404736045
18.346,0.0070720838540341835,-0.0038555074635605938
18.347,0.007056031060946849,-0.00383725810681379
18.348,0.0070397581236723294,-0.0038185069839941632
18.349,0.007023276824655783,-0.003799258754121723
18.35,0.007006598728644675,-0.0037795180831722286
18.351,0.006989735189501939,-0.003759289641784732
18.352,0.006972697356871255,-0.0037385781032040245
18.353,0.006955496182742271,-0.0037173881414939228
18.354,0.0069381424278630865,-0.0036957244299840146
18.355,0.006920646668014951,-0.0036735916399578458
18.356,0.00690301930018275,-0.003650994439547128
18.357,0.006885270548531608,-0.003627937492869093
18.358,0.0068674104702785566,-0.003604425459351598
18.359,0.006849448961385479,-0.0035804629932569567
18.36,0.006831395762117443,-0.0035560547434194695
18.361,0.006813260462435439,-0.0035312053531355546
18.362,0.00679505250722523,-0.0035059194602417125
18.363,0.006776781201379395,-0.0034802016973723184
18.364,0.006758455714708983,-0.003454056692351378
18.365,0.006740085086686998,-0.0034274890687476314
18.366,0.006721678231028594,-0.0034005034465711542
18.367,0.006703243940106962,-0.0033731044431172356
18.368,0.006776056302967903,-0.0037422964772830664
18.369,0.006757271742087817,-0.0037124494869480718
18.37,0.00673850764258313,-0.0036822023124259626
18.371,0.0067197723909445395,-0.003651559735960555
18.372,0.0067010742728344785,-0.0036205265468673142
18.373,0.006682421476280842,-0.0035891075430348543
18.374,0.006663822094726712,-0.0035573075325645367
18.375,0.006645284129895318,-0.00352513133544953
18.376,0.006626815494490873,-0.003492583785317624
18.377,0.006608424014748343,-0.003459669731236348
18.378,0.0065901174327740175,-0.003426394039558106
18.379,0.006571903408769925,-0.003392761595850502
18.38,0.006553789523051329,-0.0033587773067849797
18.381,0.006535783277942242,-0.003324446102144357
18.382,0.00651789209946077,-0.0032897729367925566
18.383,0.0065001233388904955,-0.0032547627926963335
18.384,0.006482484274171918,-0.0032194206809559867
18.385,0.006464982111137968,-0.0031837516438232988
18.386,0.006447623984608436,-0.003147760756771964
18.387,0.0064304169593142335,-0.0031114531304926585
18.388,0.006413368030697614,-0.003074833912958333
18.389,0.006396484125543944,-0.0030379082914208794
18.39,0.0063797721024877185,-0.003000681494423063
18.391,0.006363238752369299,-0.002963158793763007
18.392,0.006346890798449301,-0.002925345506453722
18.393,0.006330734896504597,-0.0028872469966450265
18.394,0.006314777634783553,-0.002848868677512606
18.395,0.006299025533812896,-0.002810216013090089
18.396,0.006283485046135351,-0.00277129452008823
18.397,0.006268162555847445,-0.0027321097696390573
18.398,0.006253064378101025,-0.0026926673890072805
18.399,0.006238196758414027,-0.0026529730632452175
18.4,0.006223565871928433,-0.002613032536773807
18.401,0.006209177822528861,-0.002572851614935756
18.402,0.006195038641856804,-0.0025324361654346372
18.403,0.006181154288240814,-0.002491792119763858
18.404,0.006167530645519004,-0.002450925474519111
18.405,0.0061541735217608695,-0.002409842292674824
18.406,0.006141088647914461,-0.0023685487047454268
18.407,0.0061282816763523484,-0.002327050909912892
18.408,0.006115758179349617,-0.002285355177038012
18.409,0.00610352364747177,-0.0022434678456114965
18.41,0.006091583487890934,-0.002201395326614952
18.411,0.006079943022634426,-0.0021591441032876857
18.412,0.006068607486759525,-0.002116720731825089
18.413,0.006057582026478714,-0.002074131841966309
18.414,0.006046871697201334,-0.0020313841375119435
18.415,0.006036481461544202,-0.001988484396723028
18.416,0.006026416187274591,-0.0019454394726565738
18.417,0.006016680645216543,-0.001902256293397242
18.418,0.006007279507095731,-0.0018589418621730025
18.419,0.0059982173433661135,-0.0018155032574073693
18.42,0.005989498620982164,-0.0017719476326517603
18.421,0.005981127701144784,-0.0017282822164347011
18.422,0.005973108837015073,-0.0016845143120019224
18.423,0.005965446171413813,-0.0016406512969610598
18.424,0.0059581437344742305,-0.0015967006228453928
18.425,0.005951205441307866,-0.0015526698145479911
18.426,0.00594463508963286,-0.0015085664696835865
18.427,0.005938436357388138,-0.0014643982578327053
18.428,0.00593261280036772,-0.0014201729197195478
18.429,0.005927167849820475,-0.0013758982662457342
18.43,0.005922104810054174,-0.0013315821774663728
18.431,0.005917426856069108,-0.0012872326014469193
18.432,0.005913137031148291,-0.001242857553035187
18.433,0.005909238244511145,-0.0011984651125365453
18.434,0.00590573326893,-0.001154063424278512
18.435,0.005902624738408566,-0.0011096606951097043
18.436,0.0058999151458166005,-0.0010652651927866297
18.437,0.005897606840624736,-0.0010208852442585292
18.438,0.005895702026592967,-0.0009765292338939913
18.439,0.005894202759518602,-0.000932205601585967
18.44,0.005893110945023539,-0.0008879228407842055
18.441,0.005892428336336825,-0.0008436894964380937
18.442,0.005892156532155399,-0.000799514162852788
18.443,0.005892296974506786,-0.0007554054814467859
18.444,0.005892850946671593,-0.000711372138464561
18.445,0.005893819571150566,-0.0006674228625586642
18.446,0.005895203807654847,-0.0006235664223311066
18.447,0.005897004451162133,-0.0005798116237694384
18.448,0.005899222130025167,-0.0005361673076250406
18.449,0.005901857304101199,-0.0004926423467069285
18.45,0.005904910262986368,-0.0004492456430972014
18.451,0.005908381124247193,-0.0004059861253034869
18.452,0.005912269831755489,-0.0003628727453407754
18.453,0.005916576154048954,-0.00031991447574980514
18.454,0.005921299682777138,-0.0002771203065203842
18.455,0.005926439831201773,-0.00023449924199014927
18.456,0.005931995832743148,-0.0001920602976517305
18.457,0.005937966739616614,-0.00014981249691004006
18.458,0.005944351421533385,-0.00010776486779007222
18.459,0.005951148564452405,-6.592643955632971e-5
18.46,0.005958356669406757,-2.4306239309990207e-5
18.461,0.005965974051423378,1.708671148498153e-5
18.462,0.005973998838473299,5.824340052268395e-5
18.463,0.005982428970540268,9.915482822558941e-5
18.464,0.005991262198734103,0.00013981201137491794
18.465,0.006000496084471096,0.0001802059867581085
18.466,0.006010127998774591,0.0002203278149071064
18.467,0.006020155121599769,0.000260168583825493
18.468,0.006030574441271935,0.0002997194127897229
18.469,0.006041382753989594,0.00033897145620903624
18.47,0.0060525766634077285,0.0003779159074649985
18.471,0.006064152580299034,0.0004165440028361944
18.472,0.006076106722317376,0.0004548470254348569
18.473,0.006088435113791509,0.000492816309190458
18.474,0.006101133585670498,0.0005304432428447359
18.475,0.006114197775489483,0.0005677192740026205
18.476,0.006127623127454455,0.000604635913181939
18.477,0.006141404892604042,0.0006411847379156899
18.478,0.006155538129043941,0.0006773573968439917
18.479,0.006170017702278631,0.000713145613899957
18.48,0.006184838285633203,0.0007485411924177399
18.481,0.006199994360731875,0.0007835360193534369
18.482,0.006215480218105571,0.0008181220694702951
18.483,0.006231289957846026,0.0008522914095576706
18.484,0.006247417490375003,0.0008860362026779645
18.485,0.00626385653729284,0.0009193487124060651
18.486,0.006280600632304713,0.0009522213071093966
18.487,0.006297643122255621,0.0009846464642215835
18.488,0.00631497716823394,0.0010166167745368215
18.489,0.006332595746788461,0.0010481249464991405
18.49,0.0063504916512099885,0.0010791638105538681
18.491,0.006368657492920038,0.0011097263234198795
18.492,0.006387085702960649,0.001139805572453606
18.493,0.006405768533548226,0.001169394779977656
18.494,0.006424698059751613,0.001198487307608076
18.495,0.00644386618124064,0.0012270766606308492
18.496,0.0064632646241486735,0.001255156492315307
18.497,0.00648288494301201,0.0012827206082822729
18.498,0.0065027185228322265,0.0013097629708689884
18.499,0.006522756581204797,0.001336277703458233
18.5,0.006542990170570001,0.001362259094852436
18.501,0.0065634101805657485,0.0013877016035944711
18.502,0.006584007340459386,0.0014125998623545355
18.503,0.006604772221705399,0.0014369486822283506
18.504,0.006625695240599028,0.0014607430571091096
18.505,0.006646766661024248,0.0014839781679865105
18.506,0.006667976597340711,0.0015066493872933906
18.507,0.006689315017331443,0.001528752283198459
18.508,0.006710771745308153,0.0015502826239073564
18.509,0.006732336465295502,0.0015712363819557207
18.51,0.006753998724346899,0.001591609738481048
18.511,0.00677574793596733,0.0016113990874615791
18.512,0.006797573383655248,0.001630601039977475
18.513,0.006819464224567612,0.00164921242841079
18.514,0.00684140949329487,0.0016672303106460562
18.515,0.006863398105778407,0.0016846519742361177
18.516,0.006885418863334103,0.0017014749405510343
18.517,0.006907460456804682,0.0017176969688884325
18.518,0.006929511470873062,0.0017333160605605136
18.519,0.006951560388449796,0.001748330462943093
18.52,0.006973595595254095,0.0017627386734666295
18.521,0.006995605384494896,0.0017765394436152215
18.522,0.0070175779616911405,0.0017897317828297343
18.523,0.007039501449666946,0.0018023149623947188
18.524,0.00706136389363568,0.0018142885192663771
18.525,0.007083153266491782,0.0018256522598339986
18.526,0.007104857474184045,0.0018364062636456457
18.527,0.007126464361302931,0.0018465508870369463
18.528,0.007147961716774703,0.0018560867667435088
18.529,0.007169337279728544,0.0018650148233609887
18.53,0.0071905787455217585,0.0018733362648201968
18.531,0.007211673771907096,0.0018810525896957309
18.532,0.007232609985392768,0.0018881655904813
18.533,0.0072533749877249365,0.0018946773567438402
18.534,0.007273956362554401,0.0019005902781839834
18.535,0.007294341682283961,0.0019059070475777318
18.536,0.007314518515043944,0.0019106306636261228
18.537,0.007334474431865745,0.0019147644336634517
18.538,0.007354197014022179,0.0019183119762504752
18.539,0.007373673860516822,0.0019212772236128217
18.54,0.007392892595746076,0.0019236644239642997
18.541,0.007411840877373177,0.0019254781436492119
18.542,0.007430506404304316,0.001926723269137065
18.543,0.007448876924884967,0.0019274050088739225
18.544,0.007466940245247716,0.0019275288948896185
18.545,0.0074846842378129,0.0019271007843012222
18.546,0.007502096849987899,0.0019261268605573895
18.547,0.007519166112994552,0.0019246136345091869
18.548,0.0075358801508876305,0.001922567945249476
18.549,0.007552227189702582,0.0019199969607478495
18.55,0.007568195566795083,0.0019169081782292596
18.551,0.007583773740291649,0.0019133094243159454
18.552,0.007598950298718904,0.0019092088549215597
18.553,0.0076137139707644075,0.0019046149548709451
18.554,0.007628053635153814,0.0018995365372376782
18.555,0.00764195833071557,0.0018939827424132305
18.556,0.007655417266491826,0.0018879630368518058
18.557,0.0076684198320379204,0.0018814872115369835
18.558,0.007680955607785367,0.0018745653801023887
18.559,0.0076930143755275515,0.0018672079766377803
18.56,0.00770458612898578,0.0018594257531526215
18.561,0.007715661084463504,0.001851229776672278
18.562,0.0077262296915708295,0.0018426314260107518
18.563,0.007736282644005443,0.001833642388124966
18.564,0.0077458108903845635,0.0018242746541180313
18.565,0.007754805645105445,0.0018145405148523586
18.566,0.007763258399247158,0.0018044525561371275
18.567,0.007771160931439841,0.0017940236535443632
18.568,0.007778505318771944,0.001783266966762849
18.569,0.007785283947642552,0.0017721959335809043
18.57,0.007791489524589745,0.0017608242633759368
18.571,0.007797115087046613,0.0017491659302082338
18.572,0.007802154014041829,0.001737235165458765
18.573,0.007806600036785349,0.0017250464500038684
18.574,0.007810447249160302,0.0017126145059370192
18.575,0.007813690118076255,0.00169995428785427
18.576,0.007816323493652189,0.0016870809736255123
18.577,0.007818342619259233,0.0016740099547560795
18.578,0.007819743141333602,0.0016607568262388276
18.579,0.007820521118993007,0.001647337375959344
18.58,0.007820673033406167,0.0016337675736332567
18.581,0.007820195796897356,0.0016200635592636195
18.582,0.007819086761765737,0.0016062416311551208
18.583,0.007817343728787896,0.0015923182334554448
18.584,0.007814964955410564,0.001578309943248219
18.585,0.007811949163534393,0.0015642334572032839
18.586,0.007808295546983368,0.0015501055777746298
18.587,0.007804003778495938,0.0015359431989948082
18.588,0.007799074016343166,0.0015217632918116258
18.589,0.007793506910455439,0.0015075828890661058
18.59,0.007787303608083468,0.0014934190700227404
18.591,0.007780465758954469,0.0014792889445612162
18.592,0.007772995519897186,0.0014652096369911632
18.593,0.007764895558921292,0.001451198269516625
18.594,0.007756169058726253,0.0014372719453816032
18.595,0.007746819719610998,0.001423447731700736
18.596,0.007736851761766583,0.001409742642023759
18.597,0.007726269926947388,0.0013961736186022256
18.598,0.007715079479464093,0.0013827575144677723
18.599,0.0077032862065242735,0.0013695110752573875
18.6,0.007690896417869769,0.0013564509208881803
18.601,0.0076779169447046824,0.0013435935270403598
18.602,0.00766435513791669,0.001330955206555226
18.603,0.007650218865548675,0.0013185520907099124
18.604,0.007635516509512719,0.0013064001104421408
18.605,0.007620256961578087,0.0012945149775363124
18.606,0.007604449618549003,0.0012829121658275433
18.607,0.007588104376699323,0.0012716068924317758
18.608,0.007571231625413732,0.0012606140990529674
18.609,0.007553842240037467,0.0012499484334123345
18.61,0.00753594757394116,0.0012396242308015393
18.611,0.007517559449814998,0.0012296554958418082
18.612,0.007498690150141291,0.001220055884457727
18.613,0.007479352406921241,0.0012108386861143239
18.614,0.0074595593906063296,0.001202016806337497
18.615,0.007439324698243349,0.0011936027495934587
18.616,0.007418662340909238,0.0011856086025191503
18.617,0.0073975867303389675,0.0011780460175861152
18.618,0.007376112664873341,0.0011709261971897256
18.619,0.00735425531464165,0.0011642598782488078
18.62,0.0073320302060971565,0.0011580573173023412
18.621,0.007309453205812694,0.0011523282761815024
18.622,0.007286540503672612,0.0011470820082644662
18.623,0.007263308595405554,0.001142327245361341
18.624,0.007239774264504867,0.0011380721852532472
18.625,0.007215954563599941,0.00113432447991621
18.626,0.007191866795234508,0.0011310912244783256
18.627,0.007167528492160707,0.0011283789469092864
18.628,0.007142957397141159,0.0011261935984915594
18.629,0.007118171442283966,0.0011245405450896473
18.63,0.007093188727988781,0.0011234245592375847
18.631,0.007068027501479224,0.0011228498130752274
18.632,0.007042706135038157,0.0011228198721544014
18.633,0.007017243103911469,0.0011233376901133574
18.634,0.006991656963957454,0.0011244056042607753
18.635,0.006965966329098211,0.0011260253320549973
18.636,0.006940189848556405,0.0011281979685211774
18.637,0.006914346184008102,0.0011309239845955776
18.638,0.006888453986599041,0.0011342032263990665
18.639,0.00686253187393418,0.001138034915455055
18.64,0.006836598407081174,0.001142417649862254
18.641,0.006810672067570772,0.001147349406397602
18.642,0.006784771234530085,0.0011528275435689905
18.643,0.006758914161899221,0.0011588488056020474
18.644,0.006733118955847994,0.0011654093273536226
18.645,0.006707403552397351,0.0011725046401656614
18.646,0.006681785695286019,0.0011801296785844684
18.647,0.006656282914144884,0.001188278788032543
18.648,0.006630912502997688,0.0011969457333179945
18.649,0.006605691499142696,0.001206123708023421
18.65,0.0065806366624485135,0.0012158053447388906
18.651,0.006555764455090429,0.001225982726110214
18.652,0.006531091021784813,0.0012366473966969327
18.653,0.006506632170534793,0.0012477903755922226
18.654,0.0064824033539325615,0.0012594021698015545
18.655,0.00645841965104367,0.0012714727883304522
18.656,0.006434695749901381,0.0012839917569640313
18.657,0.0064112459306614605,0.0012969481337346822
18.658,0.006388084049390522,0.0013103305249622943
18.659,0.006365223522573085,0.0013241271019467649
18.66,0.0063426773123206465,0.001338325618181424
18.661,0.006320457912340219,0.0013529134271327847
18.662,0.0062985773345999585,0.0013678775004689059
18.663,0.0062770470968324665,0.0013832044467718407
18.664,0.006255878210778804,0.0013988805306762997
18.665,0.006235081171245299,0.0014148916923661659
18.666,0.0062146659459686865,0.0014312235674474594
18.667,0.006194641966304856,0.0014478615071013279
18.668,0.006175018118736261,0.001464790598536242
18.669,0.006155802737208754,0.001481995685657711
18.67,0.0061370035963217925,0.0014994613899595999
18.671,0.006118627905330347,0.0015171721315354603
18.672,0.006100682302999809,0.0015351121502784892
18.673,0.0060831728532969795,0.0015532655271130735
18.674,0.006066105041917277,0.0015716162053185379
18.675,0.006049483773617276,0.001590148011854614
18.676,0.006033313370396608,0.0016088446787022592
18.677,0.006017597570485381,0.0016276898641161275
18.678,0.006002339528129667,0.0016466671738354366
18.679,0.005987541814190596,0.0016657601821650214
18.68,0.005973206417487893,0.0016849524529296556
18.681,0.005959334746973192,0.0017042275602462409
18.682,0.005945927634612377,0.0017235691090997374
18.683,0.005932985339025554,0.001742960755711842
18.684,0.005920507549863695,0.0017623862276158753
18.685,0.005908493392884609,0.0017818293435064025
18.686,0.005896941435712424,0.001801274032734057
18.687,0.005885849694313049,0.0018207043545139245
18.688,0.005875215640068392,0.0018401045167662777
18.689,0.00586503620752915,0.0018594588945827217
18.69,0.005855307802771015,0.0018787520483381503
18.691,0.005846026312344314,0.0018979687413306356
18.692,0.005837187112807623,0.0019170939570767875
18.693,0.005828785080805893,0.0019361129160829493
18.694,0.005820814603696486,0.0019550110922108566
18.695,0.0058132695906682845,0.0019737742285676763
18.696,0.00580614348437199,0.001992388352877794
18.697,0.005799429273004,0.0020108397923888077
18.698,0.005793119502842437,0.0020291151882514125
18.699,0.0057872062912061525,0.002047201509366381
18.7,0.005781681339822334,0.0020650860657407955
18.701,0.005776535948566773,0.0020827565212579446
18.702,0.0057717610295686395,0.002100200905932381
18.703,0.005767347121651001,0.002117407627590273
18.704,0.005763284405094986,0.002134365483010686
18.705,0.0057595627166807245,0.002151063668473119
18.706,0.00575617156502152,0.0021674917897691603
18.707,0.005753100146145128,0.0021836398716051086
18.708,0.003906426785529979,0.005819378958329097
18.709,0.003906472597918556,0.005836450098568008
18.71,0.003906835849635457,0.005853204723111127
18.711,0.003907504598308145,0.0058696339400824415
18.712,0.003908466655787493,0.00588572931576703
18.713,0.003909709604871553,0.005901482880826925
18.714,0.003911220816165739,0.005916887135925281
18.715,0.0039129874650223745,0.005931935056747911
18.716,0.0039149965485788946,0.0059466200984612805
18.717,0.0039172349028357145,0.005960936199554234
18.718,0.003919689219789607,0.0059748777851333645
18.719,0.003922346064586135,0.005988439769622433
18.72,0.003925191892666505,0.006001617558875794
18.721,0.003928213066931849,0.006014407051741305
18.722,0.003931395874839955,0.006026804641030337
18.723,0.003934726545493844,0.006038807213948977
18.724,0.003938191266637539,0.006050412151948958
18.725,0.003941776201586575,0.006061617330022917
18.726,0.003945467506080769,0.00607242111548556
18.727,0.003949251344985,0.006082822366140467
18.728,0.00395311390889759,0.006092820427987783
18.729,0.00395704143060599,0.006102415132339528
18.73,0.003961020201393078,0.00611160679244524
18.731,0.003965036587146115,0.006120396199566752
18.732,0.003969077044310487,0.00612878461858421
18.733,0.003973128135625975,0.006136773783045973
18.734,0.003977176545637617,0.0061443658897606945
18.735,0.003981209096003524,0.006151563592892734
18.736,0.003985212760525575,0.006158369997549956
18.737,0.003989174679954327,0.006164788652937403
18.738,0.003993082176490775,0.006170823545029347
18.739,0.0039969227680320685,0.006176479088779718
18.74,0.0040006841820922345,0.006181760119899377
18.741,0.004004354369429447,0.006186671886202644
18.742,0.004007921517349494,0.0061912200385071114
18.743,0.004011374062655337,0.006195410621153946
18.744,0.004014700704272012,0.0061992500620862145
18.745,0.004017890415483616,0.006202745162576934
18.746,0.004020932455820303,0.006205903086537706
18.747,0.004023816382547674,0.006208731349490515
18.748,0.004026532061761151,0.0062112378071559615
18.749,0.004029069679088976,0.006213430643730478
18.75,0.004031419749943338,0.006215318359809541
18.751,0.004033573129383683,0.006216909759996475
18.752,0.004035521021516247,0.006218213940219125
18.753,0.004037254988454003,0.0062192402747549835
18.754,0.004038766958815693,0.00621999840297735
18.755,0.00404004923576648,0.0062204982158448885
18.756,0.004041094504581788,0.006220749842151874
18.757,0.004041895839723364,0.006220763634546017
18.758,0.004042446711425257,0.006220550155328963
18.759,0.004042740991801852,0.00622012016207571
18.76,0.004042772960415275,0.0062194845930641784
18.761,0.00404253730937798,0.006218654552538921
18.762,0.004042029147897974,0.006217641295843623
18.763,0.004041244006336792,0.006216456214409416
18.764,0.004040177839717635,0.006215110820646366
18.765,0.004038827030718478,0.00621361673273832
18.766,0.004037188392132796,0.00621198565936365
18.767,0.004035259168795852,0.006210229384351729
18.768,0.004033037038961296,0.006208359751327622
18.769,0.004030520115154146,0.006206388648310343
18.77,0.004027706944484982,0.00620432799233471
18.771,0.004024596508417605,0.006202189714065054
18.772,0.004021188221994376,0.006199985742486924
18.773,0.0040174819325482225,0.00619772798962355
18.774,0.004013477917848757,0.006195428335342548
18.775,0.004009176883741916,0.006193098612265177
18.776,0.004004579961246563,0.00619075059077652
18.777,0.003999688703135079,0.006188395964167606
18.778,0.003994505079984001,0.006186046333975931
18.779,0.003989031475747223,0.006183713195420423
18.78,0.003983270682750756,0.006181407923096474
18.781,0.003977225896271558,0.006179141756852247
18.782,0.00397090070857592,0.006176925787880705
18.783,0.003964299102479363,0.006174770945085603
18.784,0.003957425444441914,0.0061726879816832725
18.785,0.003950284477207688,0.006170687462106431
18.786,0.003942881311980062,0.0061687797491834645
18.787,0.003935221420158674,0.006166974991656721
18.788,0.0039273106246499045,0.006165283112005676
18.789,0.0039191550907689,0.006163713794631424
18.79,0.0039107613167315425,0.0061622764743944555
18.791,0.0039021361237560614,0.006160980325531737
18.792,0.0038932866458057658,0.006159834250954885
18.793,0.0038842203189613234,0.006158846871964892
18.794,0.0038749448704623324,0.006158026518359491
18.795,0.0038654683074135776,0.006157381218984716
18.796,0.0038557989051818398,0.0061569186927268454
18.797,0.003845945195524919,0.00615664633993971
18.798,0.003835915954413932,0.00615657123433349
18.799,0.0038257201896338133,0.006156700115351979
18.8,0.0038153671281146717,0.006157039380988258
18.801,0.003804866203070939,0.0061575950811296395
18.802,0.0037942270409350165,0.006158372911344048
18.803,0.0037834594481118144,0.006159378207229001
18.804,0.0037725733975660647,0.006160615939185581
18.805,0.003761579015284261,0.0061620907077669825
18.806,0.003750486566605926,0.006163806739495247
18.807,0.003739306442456264,0.006165767883210876
18.808,0.0037280491455090603,0.0061679776069409826
18.809,0.0037167252762873304,0.006170438995262276
18.81,0.0037053455192005147,0.006173154747206148
18.811,0.0036939206286001613,0.006176127174662216
18.812,0.003682461414816457,0.0061793582013114565
18.813,0.0036709787302183217,0.0061828493620626895
18.814,0.003659483455295459,0.006186601802990287
18.815,0.0036479864848440458,0.006190616281803589
18.816,0.003636498714183062,0.006194893168782958
18.817,0.0036250310254960227,0.006199432448254435
18.818,0.003613594274285842,0.006204233720509992
18.819,0.003602199275948764,0.006209296204228044
18.82,0.0035908567925227453,0.006214618739396969
18.821,0.003579577519588484,0.00622019979065069
18.822,0.0035683720733559465,0.006226037451104387
18.823,0.0035572509779707717,0.00623212944662211
18.824,0.0035462246530313657,0.006238473140528708
18.825,0.003535303401323242,0.006245065538737181
18.826,0.0035244973968257265,0.006251903295299864
18.827,0.00351381667296935,0.006258982718363407
18.828,0.003503271111195666,0.006266299776515806
18.829,0.003492870429759126,0.006273850105496782
18.83,0.0034826241728695417,0.006281629015292875
18.831,0.003472541700149573,0.0062896314975767476
18.832,0.0034626321764055223,0.006297852233464546
18.833,0.0034529045617256726,0.0063062856016230795
18.834,0.0034433676019569037,0.006314925686665987
18.835,0.003434029819502221,0.006323766287836652
18.836,0.003424899504511081,0.006332800927991891
18.837,0.0034159847064134663,0.006342022862817348
18.838,0.003407293225867497,0.006351425090298568
18.839,0.0033988326070636676,0.006361000360428096
18.84,0.003390610130421301,0.0063707411851094825
18.841,0.003382632805709912,0.006380639848278538
18.842,0.00337490736553403,0.006390688416165691
18.843,0.003367440259253396,0.00640087874778103
18.844,0.003360237647273473,0.006411202505474375
18.845,0.003353305395795536,0.006421651165691752
18.846,0.0033466490719245012,0.006432216029805635
18.847,0.003340273939232752,0.006442888235058425
18.848,0.0033341849536948076,0.006453658765583778
18.849,0.0033283867600672756,0.006464518463487334
18.85,0.0033228836886649293,0.006475458040018686
18.851,0.0033176797525394652,0.006486468086699934
18.852,0.003312778645075426,0.006497539086569221
18.853,0.0033081837379865253,0.006508661425338097
18.854,0.0033038980797021056,0.006519825402621693
18.855,0.0032999243941719825,0.006531021243077445
18.856,0.0032962650800363313,0.00654223910754595
18.857,0.0032929222102050792,0.00655346910413801
18.858,0.0032898975318000345,0.006564701299219655
18.859,0.003287192466493366,0.006575925728375398
18.86,0.003284808111191362,0.006587132407233215
18.861,0.003282745239104906,0.006598311342204455
18.862,0.0032810043011531342,0.006609452541117167
18.863,0.003279585427740428,0.006620546023701934
18.864,0.0032784884308318107,0.006631581831947647
18.865,0.0032777128064239436,0.006642550040330625
18.866,0.0032772577372667255,0.006653440765840651
18.867,0.003277122095967644,0.006664244177879919
18.868,0.003277304448348173,0.006674950507956634
18.869,0.003277803057130907,0.006685550059206707
18.87,0.0032786158858967573,0.0066960332157171565
18.871,0.00327974060332889,0.00670639045163382
18.872,0.0032811745877117104,0.006716612340070871
18.873,0.0032829149317077366,0.006726689561810439
18.874,0.0032849584473614024,0.006736612913748247
18.875,0.0032873016713567405,0.006746373317135179
18.876,0.0032899408704768207,0.006755961825575196
18.877,0.0032928720473303086,0.00676536963276772
18.878,0.003296090946210639,0.00677458808002343
18.879,0.0032995930592244482,0.006783608663518043
18.88,0.003303373632548595,0.00679242304129124
18.881,0.003307427672906177,0.006801023039983034
18.882,0.0033117499541595874,0.006809400661313247
18.883,0.0033163350241088296,0.006817548088308034
18.884,0.0033211772113906357,0.0068254576912278875
18.885,0.0033262706325338787,0.0068331220332657205
18.886,0.0033316091991222596,0.006840533875934474
18.887,0.0033371866250807847,0.006847686184219548
18.888,0.0033429964340658536,0.006854572131434006
18.889,0.0033490319669412516,0.006861185103817086
18.89,0.0033552863893222817,0.006867518704837872
18.891,0.0033617526992240215,0.006873566759266259
18.892,0.0033684237347506585,0.006879323316915903
18.893,0.0033752921818334114,0.006884782656175592
18.894,0.003382350582039173,0.00688993928722384
18.895,0.0033895913403720335,0.00689478795499901
18.896,0.0033970067331486747,0.0068993236418992965
18.897,0.003404588915848189,0.006903541570217414
18.898,0.003412329931006486,0.006907437204313388
18.899,0.003420221716068983,0.006911006252524499
18.9,0.0034282561112850968,0.0069142446688155446
18.901,0.0034364248675428782,0.006917148654201205
18.902,0.0034447196542024827,0.0069197146578789115
18.903,0.003453132066899539,0.006921939378151276
18.904,0.0034616536352897465,0.006923819763074518
18.905,0.0034702758307692677,0.006925353010892005
18.906,0.003478990074129447,0.006926536570229236
18.907,0.0034877877431630996,0.006927368140043522
18.908,0.0034966601801946495,0.006927845669358834
18.909,0.003505598699538884,0.006927967356779113
18.91,0.003514594594872543,0.006927731649789909
18.911,0.0035236391465682526,0.006927137243826098
18.912,0.00353272362885982,0.00692618308115675
18.913,0.003541839316989037,0.0069248683495625185
18.914,0.0035509774942052152,0.006923192480797924
18.915,0.003560129458693266,0.006921155148884611
18.916,0.003569286530336089,0.006918756268215337
18.917,0.0035784400574533012,0.00691599599144993
18.918,0.0035875814233248607,0.006912874707280359
18.919,0.0035967020526807975,0.006909393037981437
18.92,0.0036057934179791196,0.006905551836829005
18.921,0.0036148470456476983,0.006901352185345405
18.922,0.0036238545221094643,0.006896795390373162
18.923,0.0036328074997299667,0.0068918829810522275
18.924,0.003641697702595955,0.006886616705591875
18.925,0.0036505169321731554,0.006880998527958038
18.926,0.0036592570728140907,0.006875030624394651
18.927,0.0036679100970972538,0.006868715379834134
18.928,0.0036764680710835995,0.006862055384192073
18.929,0.0036849231593378967,0.00685505342852738
18.93,0.003693267629874781,0.006847712501133335
18.931,0.0037014938589029836,0.00684003578346748
18.932,0.0037095943354589524,0.006832026646042294
18.933,0.0037175616658324598,0.006823688644180537
18.934,0.003725388577892688,0.006815025513713074
18.935,0.0037330679252316062,0.006806041166567106
18.936,0.0037405926911397505,0.00679673968630462
18.937,0.003747955992450251,0.006787125323580001
18.938,0.0037551510832195475,0.0067772024915086215
18.939,0.003762171358230572,0.006766975761034438
18.94,0.003769010356375377,0.006756449856159641
18.941,0.0037756617638478665,0.0067456296492012235
18.942,0.0037821194171989148,0.006734520155948831
18.943,0.0037883773062247633,0.00672312653080645
18.944,0.003794429576721811,0.006711454061894495
18.945,0.003800270533049835,0.006699508166104207
18.946,0.003805894640592486,0.006687294384157855
18.947,0.003811296528004743,0.006674818375609709
18.948,0.0038164709893645926,0.006662085913845817
18.949,0.003821412986140457,0.006649102881082114
18.95,0.0038261176490260868,0.006635875263327484
18.951,0.0038305802796152477,0.006622409145355057
18.952,0.003834796351951386,0.006608710705664711
18.953,0.003838761513902861,0.006594786211464754
18.954,0.0038424715884184946,0.006580642013635812
18.955,0.0038459225746499404,0.006566284541723311
18.956,0.003849110648898646,0.006551720298923536
18.957,0.0038520321654625517,0.006536955857106452
18.958,0.0038546836573272736,0.006521997851851591
18.959,0.0038570618367395892,0.006506852977495814
18.96,0.003859163595630752,0.006491527982222578
18.961,0.003860986005923675,0.006476029663172345
18.962,0.0038625263197126086,0.006460364861589185
18.963,0.0038637819693158743,0.006444540458000886
18.964,0.0038647505672031734,0.006428563367434498
18.965,0.0038654299058192287,0.006412440534673547
18.966,0.003865817957259182,0.006396178929568647
18.967,0.0038659128728605885,0.006379785542377198
18.968,0.0038657129826667747,0.006363267379154547
18.969,0.0038652167947809957,0.00634663145721312
18.97,0.0038644229946130926,0.006329884800611335
18.971,0.0038633304440236493,0.00631303443570691
18.972,0.0038619381803658703,0.006296087386764432
18.973,0.0038602454154204047,0.0062790506716258465
18.974,0.0038582515342392154,0.006261931297440404
18.975,0.003855956093892221,0.006244736256445144
18.976,0.0038533588221121573,0.006227472521826927
18.977,0.0038504596158817073,0.006210147043637454
18.978,0.0038472585398679204,0.006192766744774231
18.979,0.003843755824855577,0.006175338517030421
18.98,0.0038399518660176823,0.006157869217229411
18.981,0.0038358472211668104,0.00614036566339729
18.982,0.003831442608891733,0.006122834631048069
18.983,0.003826738906631433,0.0061052828494986555
18.984,0.0038217371486838347,0.006087716998284393
18.985,0.0038164385241166443,0.006070143703648806
18.986,0.0038108443746535936,0.006052569535101304
18.987,0.0038049561924537734,0.006035001002037577
18.988,0.003798775617845751,0.006017444550475898
18.989,0.003792304437012034,0.005999906559820051
18.99,0.003785544579585437,0.005982393339742514
18.991,0.0037784981162121978,0.0059649111271296296
18.992,0.0037711672560708787,0.005947466083099567
18.993,0.0037635543443028385,0.005930064290112752
18.994,0.003755661859416781,0.00591271174914515
18.995,0.003747492410666464,0.005895414376969943
18.996,0.003739048735330791,0.0058781780034838915
18.997,0.003730333696003424,0.0058610083691477965
18.998,0.003721350277813007,0.005843911122478063
18.999,0.0037121015856080852,0.005826891817645091
19.0,0.0037025908411175423,0.00580995591213701
19.001,0.0036928213800587473,0.0057931087645115426
19.002,0.0036827966492327946,0.005776355632218871
19.003,0.003672520203576529,0.005759701669524012
19.004,0.0036619957031923667,0.005743151925489756
19.005,0.003651226910343086,0.005726711342048968
19.006,0.0036402176864359093,0.005710384752167744
19.007,0.00362897198897133,0.005694176878084267
19.008,0.0036174938684879476,0.005678092329598788
19.009,0.0036057874654596145,0.005662135602495386
19.01,0.0035938570072140408,0.005646311077007332
19.011,0.0035817068048097367,0.0056306230163627735
19.012,0.003569341249887281,0.005615075565440941
19.013,0.0035567648115645556,0.005599672749461354
19.014,0.0035439820332599237,0.0055844184727920215
19.015,0.0035309975295378937,0.00556931651781245
19.016,0.003517815982946898,0.005554370543865719
19.017,0.0035044421408590154,0.005539584086270366
19.018,0.003490880812269642,0.005524960555445685
19.019,0.003477136864667829,0.005510503236071607
19.02,0.0034632152208093347,0.005496215286346112
19.021,0.00344912085559404,0.0054820997373228875
19.022,0.003434858792857459,0.005468159492301609
19.023,0.0034204341022354423,0.005454397326328055
19.024,0.0034058518959941553,0.005440815885720637
19.025,0.0033911173258788785,0.005427417687718615
19.026,0.003376235579977155,0.005414205120163138
19.027,0.0033612118795883494,0.005401180441283019
19.028,0.003346051476114942,0.005388345779511194
19.029,0.0033307596479344725,0.0053757031334290654
19.03,0.003315341697342933,0.005363254371711191
19.031,0.003299802947457381,0.005351001233205347
19.032,0.003284148739167686,0.005338945327032838
19.033,0.0032683844281113927,0.005327088132779182
19.034,0.0032525153816435337,0.005315431000741262
19.035,0.0032365469758490473,0.005303975152255142
19.036,0.003220484592575651,0.005292721680070047
19.037,0.0032043336164749303,0.005281671548795273
19.038,0.003188099432102881,0.005270825595414591
19.039,0.003171787420993666,0.0052601845298625325
19.04,0.003155402958822384,0.0052497489356467305
19.041,0.003138951412548191,0.005239519270553222
19.042,0.0031224381376110943,0.005229495867394424
19.043,0.0031058684751584242,0.005219678934834066
19.044,0.0030892477492895642,0.0052100685582364414
19.045,0.0030725812643642714,0.005200664700618911
19.046,0.0030558743022977286,0.005191467203621718
19.047,0.003039132119942084,0.00518247578854545
19.048,0.00010587967946568133,0.007893419424521868
19.049,9.198444075569912e-5,0.007888145696324698
19.05,7.807201470394487e-5,0.007883058944160928
19.051,6.414746930044624e-5,0.007878158504816456
19.052,5.0215835530526e-5,0.007873443599485733
19.053,3.6282104922708e-5,0.007868913335154513
19.054,2.2351227143585506e-5,0.007864566706007374
19.055,8.428107632324489e-6,0.007860402594898022
19.056,-5.482394701716853e-6,0.007856419774855024
19.057,-1.937546976521487e-5,0.007852616910648244
19.058,-3.324635847651303e-5,0.007848992560370402
19.059,-4.7090354971107695e-5,0.007845545177090449
19.06,-6.090280870565956e-5,0.007842273110528084
19.061,-7.467912654662845e-5,0.007839174608766
19.062,-8.841477479179516e-5,0.00783624782001767
19.063,-0.00010210528115589534,0.007833490794413464
19.064,-0.00011574623668625383,0.00783090148582763
19.065,-0.00012933329765454915,0.007828477753747287
19.066,-0.0001428621873689473,0.007826217365165394
19.067,-0.00015632869794440785,0.007824117996488689
19.068,-0.00016972869204304186,0.007822177235519506
19.069,-0.00018305810451232918,0.007820392583430189
19.07,-0.00019631294401595278,0.007818761456762913
19.071,-0.00020948929458217136,0.007817281189475403
19.072,-0.00022258331712549095,0.007815949035006223
19.073,-0.00023559125088137844,0.007814762168344092
19.074,-0.00024850941480375477,0.007813717688147523
19.075,-0.000261334208911973,0.007812812618862394
19.076,-0.00027406211557290394,0.007812043912866232
19.077,-0.00028668970073650324,0.007811408452634658
19.078,-0.0002992136150972158,0.0078109030529024265
19.079,-0.0003116305952296783,0.007810524462884827
19.08,-0.00032393746465209095,0.007810269368450917
19.081,-0.0003361311348144269,0.007810134394358265
19.082,-0.00034820860607664983,0.007810116106478249
19.083,-0.0003601669685973641,0.0078102110140276515
19.084,-0.00037200340316553837,0.00781041557181128
19.085,-0.0003837151820094975,0.007810726182484129
19.086,-0.0003952996695083255,0.007811139198787759
19.087,-0.0004067543228783721,0.007811650925827585
19.088,-0.00041807669280063964,0.007812257623315555
19.089,-0.0004292644239827226,0.007812955507848302
19.09,-0.00044031525566942675,0.007813740755158838
19.091,-0.00045122702211825017,0.007814609502379583
19.092,-0.00046199765298901574,0.00781555785029392
19.093,-0.0004726251737086351,0.007816581865602495
19.094,-0.00048310770576864837,0.007817677583152244
19.095,-0.0004934434669895404,0.007818841008182531
19.096,-0.0005036307716901334,0.007820068118575357
19.097,-0.000513668030859199,0.007821354867045827
19.098,-0.0005235537522437772,0.007822697183380689
19.099,-0.0005332865404047704,0.007824090976627257
19.1,-0.0005428650966837201,0.007825532137294477
19.101,-0.0005522882192008083,0.007827016539499715
19.102,-0.0005615548027130546,0.00782854004316652
19.103,-0.0005706638384893881,0.007830098496140608
19.104,-0.000579614414113444,0.007831687736327642
19.105,-0.0005884057132375109,0.007833303593794222
19.106,-0.0005970370153123572,0.007834941892871344
19.107,-0.0006055076952564964,0.007836598454209254
19.108,-0.0006138172230660821,0.007838269096834799
19.109,-0.0006219651634253309,0.007839949640171456
19.11,-0.0006299511752363568,0.00784163590605605
19.111,-0.0006377750111353775,0.007843323720697376
19.112,-0.0006454365169351328,0.007845008916655433
19.113,-0.0006529356310786688,0.007846687334757851
19.114,-0.0006602723839950059,0.00784835482600102
19.115,-0.0006674468974726816,0.007850007253439734
19.116,-0.0006744593839558,0.007851640494027923
19.117,-0.0006813101458460896,0.007853250440444187
19.118,-0.0006879995747130496,0.007854833002886696
19.119,-0.0006945281505425643,0.007856384110822873
19.12,-0.0007008964408850848,0.00785789971474729
19.121,-0.000707105100024405,0.007859375787856726
19.122,-0.0007131548680739952,0.007860808327746438
19.123,-0.0007190465701036458,0.007862193358027153
19.124,-0.0007247811151647326,0.007863526929954151
19.125,-0.0007303594953377013,0.007864805123991098
19.126,-0.0007357827847450926,0.007866024051349063
19.127,-0.0007410521385340929,0.007867179855511969
19.128,-0.0007461687918390719,0.007868268713698612
19.129,-0.0007511340587181281,0.007869286838307038
19.13,-0.0007559493310736187,0.007870230478332463
19.131,-0.0007606160775407572,0.007871095920728599
19.132,-0.0007651358423844123,0.007871879491761408
19.133,-0.0007695102443406043,0.007872577558301952
19.134,-0.0007737409754706853,0.00787318652911495
19.135,-0.0007778297999907272,0.007873702856077691
19.136,-0.0007817785530704266,0.007874123035397584
19.137,-0.0007855891396539028,0.007874443608763187
19.138,-0.0007892635332254205,0.00787466116450175
19.139,-0.0007928037746009475,0.007874772338664016
19.14,-0.0007962119706809156,0.007874773816078928
19.141,-0.0007994902932149522,0.00787466233141218
19.142,-0.0008026409775400423,0.007874434670142233
19.143,-0.0008056663213259624,0.007874087669531571
19.144,-0.0008085686833005507,0.007873618219557343
19.145,-0.00081135048198646,0.007873023263809564
19.146,-0.0008140141944187433,0.007872299800349508
19.147,-0.000816562354853289,0.00787144488254976
19.148,-0.0008189975535053164,0.00787045561989555
19.149,-0.000821322435242109,0.007869329178745083
19.15,-0.0008235396983039753,0.007868062783072116
19.151,-0.0008256520930242511,0.007866653715172367
19.152,-0.0008276624205254789,0.007865099316344382
19.153,-0.0008295735314519,0.007863396987521698
19.154,-0.0008313883246786249,0.007861544189914554
19.155,-0.0008331097460265412,0.007859538445576797
19.156,-0.000834740786996949,0.007857377337979754
19.157,-0.0008362844834845277,0.007855058512537705
19.158,-0.0008377439145360183,0.007852579677126742
19.159,-0.0008391222010604412,0.007849938602549678
19.16,-0.0008404225045828186,0.007847133123009525
19.161,-0.0008416480260062999,0.007844161136523559
19.162,-0.0008428020043614558,0.007841020605345222
19.163,-0.0008438877155759056,0.007837709556332395
19.164,-0.0008449084712475394,0.007834226081315593
19.165,-0.0008458676174254824,0.007830568337444
19.166,-0.0008467685334181303,0.00782673454749272
19.167,-0.0008476146305711578,0.007822723000162263
19.168,-0.0008484093511042894,0.007818532050357513
19.169,-0.0008491561669096218,0.007814160119454155
19.17,-0.0008498585784126045,0.007809605695530658
19.171,-0.0008505201133881257,0.007804867333589621
19.172,-0.0008511443258374315,0.007799943655785041
19.173,-0.0008517347948236859,0.007794833351583069
19.174,-0.0008522951233871506,0.007789535177974649
19.175,-0.0008528289374014827,0.007784047959612794
19.176,-0.0008533398844844595,0.007778370588973932
19.177,-0.0008538316329032014,0.00777250202649904
19.178,-0.0008543078705024187,0.007766441300710775
19.179,-0.0008547723036263083,0.007760187508336569
19.18,-0.0008552286560636474,0.007753739814411742
19.181,-0.0008556806680081464,0.007747097452378504
19.182,-0.0008561320950147694,0.007740259724173443
19.183,-0.0008565867069728061,0.007733226000307208
19.184,-0.0008570482871013002,0.007725995719935319
19.185,-0.0008575206309263256,0.007718568390934738
19.186,-0.0008580075452937069,0.00771094358995586
19.187,-0.0008585128473856257,0.007703120962479715
19.188,-0.0008590403637375593,0.007695100222890744
19.189,-0.0008595939292568161,0.007686881154493258
19.19,-0.0008601773862809275,0.007678463609580105
19.191,-0.0008607945836082431,0.0076698475094780505
19.192,-0.0008614493755415287,0.007661032844575533
19.193,-0.0008621456209572803,0.007652019674375399
19.194,-0.0008628871823793127,0.007642808127531292
19.195,-0.0008636779250146831,0.00763339840189331
19.196,-0.0008645217158450985,0.007623790764529237
19.197,-0.0008654224227114399,0.0076139855517983746
19.198,-0.0008663839133572632,0.007603983169358786
19.199,-0.0008674100545500718,0.007593784092233435
19.2,-0.0008685047111321037,0.00758338886485152
19.201,-0.0008696717451225217,0.00757279810108577
19.202,-0.0008709150147746536,0.007562012484303049
19.203,-0.0008722383736777806,0.007551032767433907
19.204,-0.0008736456698296979,0.00753985977299465
19.205,-0.0008751407447057102,0.0075284943931750725
19.206,-0.0008767274323319141,0.007516937589873762
19.207,-0.0008784095583636853,0.0075051903947704335
19.208,-0.0008801909391221996,0.007493253909391928
19.209,-0.0008820753806841886,0.0074811293051604555
19.21,-0.0008840666778904271,0.0074688178234902924
19.211,-0.0008861686134215008,0.007456320775829667
19.212,-0.0008883849567955793,0.007443639543757957
19.213,-0.0008907194634126536,0.007430775579034293
19.214,-0.0008931758735536421,0.007417730403694617
19.215,-0.0008957579113733072,0.007404505610110634
19.216,-0.0008984692838894526,0.007391102861077831
19.217,-0.0009013136799542187,0.007377523889884635
19.218,-0.0009042947692012027,0.007363770500381284
19.219,-0.0009074162009970466,0.007349844567064973
19.22,-0.0009106816033513376,0.007335748035141559
19.221,-0.0009140945818317536,0.007321482920599781
19.222,-0.0009176587184501206,0.007307051310266627
19.223,-0.0009213775705255167,0.007292455361869454
19.224,-0.000925254669533665,0.007277697304101882
19.225,-0.0009292935199459729,0.007262779436653877
19.226,-0.0009334975980213045,0.007247704130259935
19.227,-0.0009378703505969199,0.007232473826727898
19.228,-0.0009424151938529912,0.007217091038958706
19.229,-0.0009471355120530267,0.007201558350966364
19.23,-0.0009520346562426896,0.007185878417861169
19.231,-0.0009571159429684062,0.00717005396584397
19.232,-0.000962382652914956,0.0071540877921743296
19.233,-0.0009678380295654043,0.007137982765115569
19.234,-0.0009734852778084668,0.0071217418238844615
19.235,-0.0009793275625243902,0.007105367978549687
19.236,-0.0009853680071523763,0.0070888643099476095
19.237,-0.0009916096922331086,0.007072233969530745
19.238,-0.0009980556539085639,0.007055480179241014
19.239,-0.0010047088824008954,0.007038606231313624
19.24,-0.0010115723204949523,0.007021615488078364
19.241,-0.0010186488619398915,0.007004511381726239
19.242,-0.00102594134986983,0.006987297414050686
19.243,-0.0010334525751803658,0.00696997715613798
19.244,-0.0010411852748861972,0.006952554248037701
19.245,-0.0010491421304296422,0.006935032398409632
19.246,-0.0010573257660183022,0.006917415384084538
19.247,-0.0010657387468734902,0.006899707049646944
19.248,-0.0010743835775067212,0.0068819113069327476
19.249,-0.001083262699941745,0.006864032134496448
19.25,-0.0010923784919377733,0.0068460735770240755
19.251,-0.0011017332651779288,0.006828039744716657
19.252,-0.001111329263442845,0.006809934812608859
19.253,-0.001121168660771249,0.0067917630198393725
19.254,-0.0011312535595839335,0.006773528668864756
19.255,-0.0011415859888284918,0.006755236124622116
19.256,-0.001152167902075979,0.0067368898136421634
19.257,-0.001163001175626649,0.00671849422307412
19.258,-0.0011740876065865768,0.006700053899693026
19.259,-0.0011854289109610727,0.006681573448810249
19.26,-0.0011970267217279451,0.006663057533130512
19.261,-0.001208882586891058,0.00664451087154061
19.262,-0.0012209979675744387,0.006625938237850869
19.263,-0.0012333742360642885,0.0066073444594212175
19.264,-0.001246012673893071,0.006588734415766746
19.265,-0.0012589144699236,0.0065701130370817845
19.266,-0.0012720807184105898,0.0065514853026423445
19.267,-0.0012855124171262666,0.006532856239208972
19.268,-0.0012992104654384051,0.006514230919297259
19.269,-0.0013131756624728541,0.0064956144594023844
19.27,-0.0013274087052197459,0.006477012018134845
19.271,-0.0013419101867294947,0.006458428794266611
19.272,-0.0013566805943082128,0.006439870024741173
19.273,-0.001371720307722396,0.0064213409825510945
19.274,-0.0013870295974697522,0.006402846974573996
19.275,-0.0014026086230805312,0.00638439333930948
19.276,-0.0014184574314318465,0.006365985444555298
19.277,-0.0014345759551462889,0.006347628684980459
19.278,-0.0014509640109994504,0.00632932847963915
19.279,-0.001467621298401417,0.006311090269400823
19.28,-0.0014845473979321067,0.006292919514284219
19.281,-0.0015017417699225988,0.006274821690755895
19.282,-0.0015192037531075453,0.006256802288904996
19.283,-0.0015369325633458886,0.006238866809572259
19.284,-0.0015549272924040014,0.0062210207614029275
19.285,-0.001573186906817986,0.006203269657803965
19.286,-0.0015917102468319677,0.0061856190138717855
19.287,-0.0016104960254139933,0.006168074343213897
19.288,-0.001629542827371655,0.006150641154714989
19.289,-0.001648849108533107,0.006133324949251645
19.29,-0.0016684131950391867,0.006116131216331172
19.291,-0.0016882332827354851,0.006099065430671562
19.292,-0.0017083074366376627,0.006082133048735859
19.293,-0.001728633590529688,0.006065339505199184
19.294,-0.001749209546655306,0.006048690209385685
19.295,-0.0017700329755186428,0.006032190541626278
19.296,-0.0017911014158027982,0.006015845849615897
19.297,-0.001812412274401154,0.0059996614447013485
19.298,-0.0018339628265710284,0.00598364259814245
19.299,-0.0018557502162027673,0.005967794537344903
19.3,-0.0018777714562277226,0.0059521224420716334
19.301,-0.0019000234291341733,0.005936631440623813
19.302,-0.0019225028876261874,0.005921326606007138
19.303,-0.0019452064554105197,0.005906212952091192
19.304,-0.001968130628112852,0.005891295429768878
19.305,-0.0019912717743341135,0.005876578923089709
19.306,-0.002014626136846276,0.005862068245425497
19.307,-0.002038189833902554,0.005847768135633591
19.308,-0.002061958860722274,0.005833683254224814
19.309,-0.0020859290910883177,0.005819818179575317
19.31,-0.002110096279089535,0.005806177404149723
19.311,-0.0021344560610015995,0.005792765330754138
19.312,-0.0021590039573229913,0.005779586268840259
19.313,-0.0021837353749276367,0.005766644430848816
19.314,-0.0022086456093644014,0.005753943928596475
19.315,-0.0022337298472991374,0.005741488769725855
19.316,-0.002258983169086737,0.005729282854227205
19.317,-0.00228440055148757,0.005717329971002938
19.318,-0.002309976870494529,0.005705633794542281
19.319,-0.002335706904318141,0.005694197881644075
19.32,-0.002361585336481564,0.005683025668242386
19.321,-0.0023876067590491157,0.0056721204663172375
19.322,-0.0024137656759699866,0.005661485460929511
19.323,-0.0024400565065467728,0.005651123707308275
19.324,-0.0024664735890196354,0.005641038128099823
19.325,-0.002493011184258792,0.005631231510699525
19.326,-0.002519663479571388,0.005621706504713858
19.327,-0.0025464245925866102,0.005612465619551477
19.328,-0.002573288575288435,0.0056035112221350936
19.329,-0.0026002494180767943,0.005594845534756671
19.33,-0.0026273010539798747,0.005586470633060031
19.331,-0.002654437362896833,0.005578388444186622
19.332,-0.0026816521759555068,0.005570600745044063
19.333,-0.002708939279911282,0.0055631091607431515
19.334,-0.0027362924216365603,0.005555915163187514
19.335,-0.0027637053126485234,0.005549020069805649
19.336,-0.002791171633695272,0.005542425042470989
19.337,-0.0028186850393976115,0.0055361310865535696
19.338,-0.002846239162905717,0.005530139050159089
19.339,-0.0028738276206144164,0.005524449623538985
19.34,-0.0029014440168740885,0.005519063338632668
19.341,-0.0029290819487547137,0.005513980568836785
19.342,-0.002956735010778505,0.005509201528884594
19.343,-0.0029843967997005283,0.005504726274955074
19.344,-0.0030120609192301473,0.005500554704903626
19.345,-0.003039720984801292,0.005496686558701724
19.346,-0.003067370628277999,0.005493121419021613
19.347,-0.003095003502648297,0.005489858712011214
19.348,-0.0031226132867034906,0.005486897708225108
19.349,-0.003150193689636982,0.0054842375237253715
19.35,-0.0031777384556325866,0.005481877121363915
19.351,-0.0032052413683752445,0.0054798153121884685
19.352,-0.003232696255521361,0.0054780507570671155
19.353,-0.0032600969930665913,0.00547658196841963
19.354,-0.0032874375096812597,0.005475407312133529
19.355,-0.003314711790922964,0.005474525009616177
19.356,-0.003341913883398953,0.005473933140005993
19.357,-0.0033690378988078806,0.005473629642521266
19.358,-0.0033960780178913796,0.005473612318944443
19.359,-0.003423028494275629,0.005473878836256968
19.36,-0.003449883658224115,0.005474426729373594
19.361,-0.003476637920232367,0.005475253404036762
19.362,-0.0035032857745490725,0.005476356139803823
19.363,-0.003529821802539884,0.005477732093154469
19.364,-0.003556240675926428,0.005479378300723536
19.365,-0.003582537159916549,0.005481291682594092
19.366,-0.0036087061161546863,0.005483469045740791
19.367,-0.003634742505575231,0.005485907087505459
19.368,-0.003660641391076011,0.005488602399204845
19.369,-0.0036863979400760805,0.00549155146978389
19.37,-0.0037120074269078943,0.0054947506895442755
19.371,-0.0037374652350499124,0.0054981963539489365
19.372,-0.003762766859230507,0.005501884667466483
19.373,-0.003787907907361873,0.005505811747476164
19.374,-0.003812884102328294,0.005509973628200243
19.375,-0.0038376912835975246,0.005514366264696063
19.376,-0.003862325408708303,0.005518985536859422
19.377,-0.003886782554574718,0.005523827253447827
19.378,-0.003911058918654266,0.005528887156129453
19.379,-0.00393515081994153,0.005534160923542392
19.38,-0.003959054699813641,0.005539644175340114
19.381,-0.00398276712274374,0.005545332476245585
19.382,-0.004006284776814795,0.005551221340094115
19.383,-0.004029604474141694,0.005557306233855308
19.384,-0.004052723151091441,0.005563582581627563
19.385,-0.004075637868394381,0.00557004576861328
19.386,-0.00409834581109972,0.005576691145052576
19.387,-0.004120844288369824,0.00558351403011656
19.388,-0.003092520466330683,0.005925160359334408
19.389,-0.0031127187391229187,0.005933073002619194
19.39,-0.003132670072132841,0.0059411425236362
19.391,-0.0031523721862712854,0.005949363697529159
19.392,-0.003171822931625429,0.005957731283253109
19.393,-0.003191020286599287,0.005966240027253239
19.394,-0.0032099623569179815,0.005974884667141855
19.395,-0.0032286473745579067,0.005983659935266034
19.396,-0.003247073696512736,0.005992560562179977
19.397,-0.003265239803503437,0.006001581280065421
19.398,-0.003283144298536076,0.006010716826038681
19.399,-0.0033007859054069444,0.006019961945381402
19.4,-0.0033181634670780835,0.006029311394667752
19.401,-0.003335275943999412,0.006038759944782368
19.402,-0.0033521224122956203,0.006048302383884707
19.403,-0.0033687020619498353,0.006057933520215719
19.404,-0.003385014194843834,0.0060676481848201125
19.405,-0.003401058222770266,0.0060774412341915995
19.406,-0.003416833665363196,0.006087307552767901
19.407,-0.0034323401479996185,0.006097242055341512
19.408,-0.00344757739960469,0.006107239689361804
19.409,-0.003462545250448257,0.006117295437111286
19.41,-0.0034772436298846354,0.006127404317787577
19.411,-0.00349167256404119,0.00613756138946886
19.412,-0.003505832173513121,0.006147761750964098
19.413,-0.003519722670981676,0.006158000543559222
19.414,-0.0035333443588552726,0.006168272952640913
19.415,-0.0035466976268640066,0.00617857420923526
19.416,-0.003559782949648746,0.006188899591399344
19.417,-0.0035726008843492835,0.006199244425538208
19.418,-0.003585152068180525,0.006209604087599296
19.419,-0.0035974372160139934,0.006219974004157608
19.42,-0.0036094571179588614,0.0062303496533982206
19.421,-0.003621212636956292,0.006240726566010546
19.422,-0.0036327047063908907,0.006251100325953884
19.423,-0.003643934327714954,0.00626146657113974
19.424,-0.0036549025680795016,0.006271820994022986
19.425,-0.003665610558027721,0.006282159342068494
19.426,-0.0036760594891741827,0.006292477418158943
19.427,-0.00368625061194304,0.006302771080879677
19.428,-0.003696185233328181,0.0063130362447429145
19.429,-0.0037058647147010515,0.006323268880303157
19.43,-0.0037152904696570455,0.006333465014187051
19.431,-0.0037244639618917996,0.0063436207290632485
19.432,-0.0037333867031542622,0.006353732163507597
19.433,-0.003742060251214485,0.006363795511811293
19.434,-0.0037504862079143497,0.00637380702369475
19.435,-0.0037586662172457985,0.006383763003969839
19.436,-0.0037666019635199943,0.006393659812120672
19.437,-0.0037742951695507176,0.006403493861813492
19.438,-0.0037817475949419033,0.006413261620368621
19.439,-0.003788961034410898,0.006422959608130163
19.44,-0.003795937316188047,0.00643258439781752
19.441,-0.0038026783004797837,0.006442132613792034
19.442,-0.0038091858780079924,0.006451600931291129
19.443,-0.003815461968600803,0.006460986075587455
19.444,-0.0038215085198747556,0.006470284821130601
19.445,-0.00382732750598766,0.006479493990611679
19.446,-0.0038329209264466313,0.006488610454001953
19.447,-0.0038382908050307585,0.006497631127543174
19.448,-0.0038434391887455788,0.006506552972707219
19.449,-0.0038483681468899633,0.006515372995091778
19.45,-0.0038530797702003017,0.0065240882433149905
19.451,-0.003857576170063215,0.006532695807840161
19.452,-0.0038618594778180304,0.006541192819796093
19.453,-0.0038659318441583435,0.006549576449732392
19.454,-0.0038697954386056055,0.006557843906382199
19.455,-0.003873452449068282,0.006565992435341089
19.456,-0.0038769050815265493,0.006574019317769603
19.457,-0.003880155559766091,0.006581921869014351
19.458,-0.0038832061252453143,0.006589697437231201
19.459,-0.003886059037053552,0.006597343401940792
19.46,-0.003888716571966072,0.006604857172577028
19.461,-0.003891181024624546,0.006612236186974124
19.462,-0.003893454707813271,0.006619477909817151
19.463,-0.003895539952881971,0.006626579831045226
19.464,-0.003897439110263634,0.006633539464192095
19.465,-0.003899154550170647,0.006640354344675553
19.466,-0.0039006886633958793,0.006647022028000937
19.467,-0.003902043862296256,0.006653540087913357
19.468,-0.0039032225819427835,0.00665990611439686
19.469,-0.003904227281449596,0.006666117711639885
19.47,-0.0039050604455173332,0.006672172495809481
19.471,-0.0039057245862054446,0.006678068092699621
19.472,-0.0039062222449471606,0.006683802135187461
19.473,-0.003906555994874966,0.006689372260503729
19.474,-0.003906728443434537,0.006694776107202746
19.475,-0.0039067422354353565,0.006700011311854923
19.476,-0.003906600056459847,0.006705075505391969
19.477,-0.0039063046368288945,0.006709966308939039
19.478,-0.0039058587561468794,0.006714681329195393
19.479,-0.003905265248513423,0.0067192181530944806
19.48,-0.0039045270086172923,0.0067235743416868
19.481,-0.0039036469988064926,0.006727747423032615
19.482,-0.0039026282573595417,0.006731734883868967
19.483,-0.003901473908291486,0.0067355341597173796
19.484,-0.003900187172973718,0.006739142623100922
19.485,-0.003898771384080263,0.00674255756926638
19.486,-0.0038972300024570083,0.006745776198789959
19.487,-0.003895566637719561,0.006748795596073297
19.488,-0.003893785073724787,0.006751612702533959
19.489,-0.0038918893003780375,0.0067542242826394774
19.49,-0.003889883553970741,0.00675662688040702
19.491,-0.0038877723690494137,0.0067588167627432374
19.492,-0.0038855606462354086,0.006760789844477408
19.493,-0.003883253742628462,0.006762541587262923
19.494,-0.003880857594857179,0.00676406686030891
19.495,-0.0038783788907779115,0.006765359743837105
19.496,-0.0038758253160233735,0.0067664132436700275
19.497,-0.003873205920148365,0.006767218862601426
19.498,-0.003870531683034445,0.006767765930165592
19.499,-0.003867816435833532,0.006768040501081728
19.5,-0.0038650784556599205,0.0067680234274965344
19.501,-0.0038623434633548726,0.006767686696657494
19.502,-0.0038596509299728687,0.006766985644171862
19.503,-0.0038570697358494277,0.006765839409684874
19.504,-0.0038547494745677646,0.006764066174504357
19.505,-0.003853239940076053,0.006760974454555641
19.506,-0.0038567201525882,0.0067609380523442385
19.507,-0.0038554194936291086,0.006763177935469138
19.508,-0.0038531441046462667,0.006764589126646892
19.509,-0.003850377556060991,0.00676552378808579
19.51,-0.00384727535265314,0.006766089732041739
19.511,-0.00384391268814252,0.00676633593954044
19.512,-0.0038403335949737105,0.006766288905064817
19.513,-0.003836567079769232,0.006765964436139114
19.514,-0.0038326338821413064,0.006765372543639132
19.515,-0.0038285497672757574,0.0067645197995842635
19.516,-0.003824327306513692,0.006763410599353828
19.517,-0.0038199769175428777,0.006762047891778873
19.518,-0.0038155075092947133,0.006760433627457797
19.519,-0.0038109269012647773,0.006758569047594309
19.52,-0.003806242106904806,0.0067564548774952035
19.521,-0.0038014595314700417,0.006754091460603344
19.522,-0.003796585113965606,0.006751478853949645
19.523,-0.003791624431406626,0.006748616897880158
19.524,-0.0037865827769726357,0.006745505268061114
19.525,-0.0037814652196413723,0.006742143515075058
19.526,-0.003776276650395094,0.006738531095070152
19.527,-0.0037710218185436906,0.0067346673939120555
19.528,-0.00376570536060003,0.006730551746499919
19.529,-0.00376033182351887,0.006726183452421819
19.53,-0.0037549056835360917,0.006721561788836983
19.531,-0.0037494313616080743,0.0067166860212266866
19.532,-0.003743913236146257,0.006711555412442588
19.533,-0.0037383556535831586,0.0067061692304618975
19.534,-0.0037327629371806392,0.006700526755068104
19.535,-0.0037271393944156295,0.006694627283713131
19.536,-0.003721489323208066,0.00668847013668844
19.537,-0.0037158170171493476,0.00668205466173627
19.538,-0.0037101267699148344,0.0066753802382382155
19.539,-0.0037044228789946676,0.006668446280973947
19.54,-0.0036987096488382276,0.006661252243629609
19.541,-0.003692991393473205,0.006653797622016636
19.542,-0.003687272438715139,0.006646081957056751
19.543,-0.00368155712397486,0.006638104837625031
19.544,-0.00367584980374,0.0066298659031984175
19.545,-0.003670154848779028,0.006621364846379096
19.546,-0.0036644766470366186,0.006612601415312724
19.547,-0.0036588196043567944,0.006603575415986274
19.548,-0.0036531881449272108,0.0065942867144592465
19.549,-0.003647586711603923,0.0065847352389743485
19.55,-0.0036420197659821907,0.006574920982051674
19.551,-0.003636491788373053,0.006564844002476866
19.552,-0.0036310072775990188,0.006554504427240371
19.553,-0.0036255707506406,0.006543902453425149
19.554,-0.0036201867421898903,0.006533038350055503
19.555,-0.0036148598040488256,0.006521912459863111
19.556,-0.003609594504435598,0.006510525201042977
19.557,-0.0036043954271615664,0.0064988770689481945
19.558,-0.003599267170737136,0.006486968637729018
19.559,-0.003594214347344471,0.006474800561965782
19.56,-0.003589241581753305,0.006462373578213693
19.561,-0.0035843535101097446,0.006449688506546591
19.562,-0.003579554778677746,0.00643674625202495
19.563,-0.0035748500424656326,0.006423547806144764
19.564,-0.003570243963791103,0.006410094248232773
19.565,-0.0035657412107734654,0.006396386746799598
19.566,-0.0035613464557325836,0.006382426560846033
19.567,-0.003557064373539448,0.006368215041133218
19.568,-0.0035528996398866697,0.006353753631394732
19.569,-0.00354885692947543,0.006339043869505512
19.57,-0.0035449409141808663,0.006324087388596494
19.571,-0.00354115626110027,0.0063088859181471
19.572,-0.003537507630582304,0.006293441284973833
19.573,-0.0035339996741950708,0.006277755414226122
19.574,-0.0035306370325898506,0.00626183033027311
19.575,-0.0035274243333775768,0.006245668157578488
19.576,-0.0035243661889109157,0.0062292711214980145
19.577,-0.003521467193998651,0.006212641549021375
19.578,-0.0035187319236347214,0.0061957818694488576
19.579,-0.0035161649306109655,0.0061786946150211575
19.58,-0.003513770743112682,0.006161382421478984
19.581,-0.0035115538622821213,0.0061438480285564145
19.582,-0.003509518759718694,0.006126094280406641
19.583,-0.0035076698749535867,0.006108124125977832
19.584,-0.0035060116128618757,0.006089940619297185
19.585,-0.0035045483410812983,0.006071546919710985
19.586,-0.003503284387354144,0.006052946292023437
19.587,-0.0035022240368587643,0.006034142106599222
19.588,-0.003501371529499031,0.006015137839361057
19.589,-0.0035007310571866235,0.005995937071737595
19.59,-0.0035003067610681754,0.005976543490509523
19.591,-0.0035001027287632908,0.005956960887611468
19.592,-0.0035001229915275767,0.005937193159823689
19.593,-0.003500371521459919,0.005917244308415476
19.594,-0.003500852228658924,0.005897118438668941
19.595,-0.0035015689583502707,0.005876819759379315
19.596,-0.0035025254880357293,0.005856352582208402
19.597,-0.0035037255246065796,0.005835721321009596
19.598,-0.0035051727014673156,0.005814930491030518
19.599,-0.0035068705756318846,0.00579398470806336
19.6,-0.003508822624841118,0.005772888687489625
19.601,-0.003511032244672245,0.0057516472432335985
19.602,-0.0035135027456314263,0.0057302652866667025
19.603,-0.0035162373502823432,0.0057087478253805835
19.604,-0.0035192391903654738,0.005687099961896813
19.605,-0.003522511303917217,0.005665326892291239
19.606,-0.003526056632431218,0.005643433904721579
19.607,-0.003529878018004487,0.0056214263778826545
19.608,-0.0035339782005202255,0.005599309779346612
19.609,-0.0035383598148460912,0.0055770896638398515
19.61,-0.0035430253880565955,0.005554771671431452
19.611,-0.0035479773366692557,0.005532361525623003
19.612,-0.003553217963936834,0.005509865031347344
19.613,-0.0035587494571497624,0.00548728807291049
19.614,-0.00356457388498058,0.005464636611803131
19.615,-0.00357069319485046,0.00544191668446381
19.616,-0.003577109210368518,0.0054191343999340225
19.617,-0.0035838236287853865,0.00539629593744384
19.618,-0.0035908380184906173,0.005373407543904196
19.619,-0.0035981538165874355,0.005350475531309851
19.62,-0.0036057723264823404,0.005327506274077687
19.621,-0.003613694715550242,0.00530450620629952
19.622,-0.0036219220128591223,0.0052814818188842705
19.623,-0.003630455106927534,0.0052584396566835445
19.624,-0.0036392947435728677,0.005235386315471824
19.625,-0.003648441523810615,0.005212328438895353
19.626,-0.0036578959018117585,0.0051892727153249885
19.627,-0.0036676581829498886,0.005166225874651542
19.628,-0.0036777285218990152,0.005143194684993496
19.629,-0.0036881069208210063,0.005120185949333944
19.63,-0.0036987932276225446,0.005097206502119339
19.631,-0.003709787134285561,0.005074263205743446
19.632,-0.003721088175293409,0.005051362947001092
19.633,-0.0037326957261240162,0.005028512633477783
19.634,-0.003744609001845242,0.005005719189864921
19.635,-0.0037568270557822303,0.004982989554224909
19.636,-0.0037693487782875165,0.004960330674191132
19.637,-0.003782172895593461,0.004937749503144739
19.638,-0.003795297968766549,0.0049152529962809555
19.639,-0.0038087223927468494,0.0048928481067030405
19.64,-0.003822444395506941,0.0048705417813961205
19.641,-0.0038364620372783043,0.004848340957216202
19.642,-0.003850773209902944,0.004826252556794447
19.643,-0.0038653756362952013,0.004804283484440924
19.644,-0.003880266869957044,0.0047824406219726945
19.645,-0.0038954442946826373,0.004760730824550308
19.646,-0.0039109051242847,0.004739160916454654
19.647,-0.00392664640248401,0.004717737686844747
19.648,-0.003942665002891754,0.00469646788550937
19.649,-0.0039589576291022555,0.004675358218563269
19.65,-0.0039755208148888055,0.004654415344163193
19.651,-0.003992350924532595,0.0046336458681851544
19.652,-0.004009444153245348,0.0046130563398912305
19.653,-0.0040267965277141216,0.004592653247610962
19.654,-0.004044403906764485,0.004572443014384142
19.655,-0.004062261982126891,0.0045524319936227076
19.656,-0.004080366279332531,0.00453262646478772
19.657,-0.004098712158709064,0.004513032629033298
19.658,-0.004117294816516695,0.004493656604887708
19.659,-0.004136109286162981,0.004474504423946063
19.66,-0.004155150439573513,0.00445558202655949
19.661,-0.004174412988657256,0.0044368952575569165
19.662,-0.004193891486873436,0.004418449861987556
19.663,-0.0042135803309513165,0.004400251480881745
19.664,-0.0042334737626984476,0.004382305647056717
19.665,-0.0042535658709116075,0.0043646177809170406
19.666,-0.0042738505934437065,0.004347193186332976
19.667,-0.004294321719336525,0.004330037046535867
19.668,-0.004314972891098279,0.0043131544200464556
19.669,-0.004335797607074643,0.0042965502366698605
19.67,-0.004356789223932955,0.004280229293521426
19.671,-0.004377940959259002,0.0042641962511068
19.672,-0.004399245894268544,0.004248455629456471
19.673,-0.004420696976592364,0.004233011804328418
19.674,-0.004442287023213171,0.004217869003441621
19.675,-0.004464008723461449,0.004203031302815519
19.676,-0.004485854642146736,0.004188502623126783
19.677,-0.004507817222754618,0.0041742867261811145
19.678,-0.004529888790779146,0.004160387211417843
19.679,-0.0045520615571202905,0.0041468075125161985
19.68,-0.004574327621586188,0.004133550894069277
19.681,-0.004596678976490548,0.004120620448322371
19.682,-0.0046191075103342305,0.0041080190920197435
19.683,-0.004641605011577538,0.0040957495633302254
19.684,-0.004664163172477809,0.004083814418827991
19.685,-0.004686773593054777,0.0040722160306081445
19.686,-0.00470942778509062,0.004060956583471914
19.687,-0.004732117176214051,0.004050038072197698
19.688,-0.004754833114092222,0.0040394622989160245
19.689,-0.0047775668706490915,0.004029230870586015
19.69,-0.004800309646393663,0.0040193451965739035
19.691,-0.00482305257478155,0.004009806486309081
19.692,-0.004845786726662721,0.004000615747073305
19.693,-0.00486850311477921,0.003991773781877234
19.694,-0.004891192698328856,0.003983281187438764
19.695,-0.004913846387573556,0.00397513835228297
19.696,-0.004936455048507177,0.003967345454945925
19.697,-0.004959009507576911,0.003959902462270029
19.698,-0.004981500556435925,0.003952809127842155
19.699,-0.005003918956747566,0.003946064990518916
19.7,-0.005026255445048949,0.003939669373060853
19.701,-0.005048500737607292,0.003933621380908234
19.702,-0.005070645535354107,0.0039279199010497645
19.703,-0.005092680528826332,0.003922563600989332
19.704,-0.0051145964031373,0.003917550927867289
19.705,-0.00513638384299972,0.003912880107673489
19.706,-0.00515803353770497,0.00390854914456884
19.707,-0.005179536186218359,0.003904555820344116
19.708,-0.005200882502185561,0.003900897693968411
19.709,-0.005222063219041478,0.00389757210128501
19.71,-0.005243069095076491,0.003894576154783891
19.711,-0.005263890918512482,0.003891906743527407
19.712,-0.00528451951262085,0.0038895605331674965
19.713,-0.005304945740793793,0.003887533966079257
19.714,-0.005325160511652188,0.0038858232616207494
19.715,-0.005345154784118872,0.003884424416492463
19.716,-0.005364919572520832,0.0038833332052152086
19.717,-0.005384445951643502,0.003882545180724721
19.718,-0.005403725061799619,0.003882055675063667
19.719,-0.005422748113874276,0.0038818598002016216
19.72,-0.005441506394362888,0.003881952448955603
19.721,-0.005459991270358816,0.0038823282959987576
19.722,-0.0054781941945644674,0.0038829817990283927
19.723,-0.005496106710250193,0.0038839071999814956
19.724,-0.005513720456182619,0.0038850985263905527
19.725,-0.005531027171545383,0.003886549592833251
19.726,-0.0055480187008244974,0.0038882540024822165
19.727,-0.005564686998633633,0.003890205148755363
19.728,-0.005581024134548779,0.003892396217071825
19.729,-0.005668570144411578,0.004056187202364024
19.73,-0.005684407368194561,0.0040603735389902074
19.731,-0.00569987922033835,0.004064771237738072
19.732,-0.005714978543411103,0.004069372566048439
19.733,-0.005729698319535237,0.004074169599071644
19.734,-0.00574403167487017,0.004079154221978838
19.735,-0.005757971884031793,0.004084318132360799
19.736,-0.005771512374480869,0.004089652842692435
19.737,-0.005784646730870452,0.00409514968289732
19.738,-0.005797368699318878,0.0041007998029793016
19.739,-0.00580967219168213,0.004106594175763695
19.74,-0.005821551289727361,0.0041125235996789244
19.741,-0.0058330002492914534,0.0041185787016366215
19.742,-0.005844013504376355,0.0041247499399932296
19.743,-0.005854585671201118,0.004131027607571242
19.744,-0.005864711552192786,0.004137401834763403
19.745,-0.005874386139937293,0.004143862592701379
19.746,-0.005883604621062438,0.0041503996965070455
19.747,-0.005892362380109012,0.0041570028085944205
19.748,-0.00590065500327655,0.004163661442061331
19.749,-0.00590847828220023,0.004170364964126878
19.75,-0.005915828217609803,0.004177102599652448
19.751,-0.005922701022979565,0.004183863434713379
19.752,-0.005929093128102664,0.004190636420246439
19.753,-0.005935001182610311,0.004197410375749208
19.754,-0.00594042205945805,0.004204173993047684
19.755,-0.00594535285834244,0.004210915840123647
19.756,-0.005949790909072911,0.004217624365003142
19.757,-0.005953733774893971,0.004224287899706747
19.758,-0.005957179255744349,0.004230894664250487
19.759,-0.00596012539148022,0.004237432770712729
19.76,-0.005962570465041617,0.004243890227363503
19.761,-0.00596451300554493,0.004250254942842938
19.762,-0.005965951791389784,0.004256514730399813
19.763,-0.005966885853215503,0.004262657312199727
19.764,-0.005967314476906432,0.0042686703236665124
19.765,-0.005967237206494669,0.004274541317918143
19.766,-0.005966653847004844,0.00428025777020849
19.767,-0.0059655644672926,0.004285807082489643
19.768,-0.0059639694027974754,0.004291176587988707
19.769,-0.005961869258251651,0.004296353555856683
19.77,-0.005959264910368328,0.0043013251958751025
19.771,-0.005956157510433352,0.004306078663249599
19.772,-0.005952548486897413,0.004310601063398284
19.773,-0.005948439547877327,0.004314879456902079
19.774,-0.005943832683645789,0.004318900864413333
19.775,-0.005938730169036871,0.004322652271711774
19.776,-0.005933134565827697,0.004326120634774666
19.777,-0.00592704872506436,0.0043292928849413825
19.778,-0.005920475789323809,0.0043321559341325255
19.779,-0.005913419194946534,0.0043346966801483255
19.78,-0.005905882674196478,0.004336902012027216
19.781,-0.005897870257386889,0.0043387588154875645
19.782,-0.00588938627493743,0.00434025397843571
19.783,-0.00588043535938515,0.004341374396552661
19.784,-0.005871022447349078,0.004342106978972499
19.785,-0.00586115278140853,0.004342438654006325
19.786,-0.005850831911947241,0.004342356374981038
19.787,-0.005840065698948238,0.004341847126149656
19.788,-0.005828860313675188,0.00434089792868822
19.789,-0.00581722224035966,0.004339495846760549
19.79,-0.005805158277759431,0.004337627993712734
19.791,-0.005792675540691322,0.004335281538321717
19.792,-0.0057797814614592435,0.004332443711146494
19.793,-0.00576648379124281,0.004329101810988861
19.794,-0.005752790601374458,0.004325243211438429
19.795,-0.005738710284568238,0.004320855367512533
19.796,-0.005724251556037341,0.0043159258223927355
19.797,-0.0057094234545310985,0.004310442214302518
19.798,-0.005694235343309567,0.004304392283427716
19.799,-0.005678696910970199,0.004297763878988087
19.8,-0.005662818172228606,0.004290544966405713
19.801,-0.005646609468559993,0.004282723634571106
19.802,-0.005630081468740861,0.004274288103221585
19.803,-0.00561324516928835,0.004265226730445826
19.804,-0.005596111894777822,0.0042555280202893064
19.805,-0.0055786932980138315,0.004245180630460227
19.806,-0.005561001360111506,0.004234173380181172
19.807,-0.005543048390411254,0.004222495258112774
19.808,-0.005524847026260271,0.004210135430441436
19.809,-0.005506410232667347,0.004197083249029232
19.81,-0.005487751301774868,0.004183328259724839
19.811,-0.0054688838521805005,0.004168860210747527
19.812,-0.0054498218281160415,0.004153669061228438
19.813,-0.00543057949841412,0.004137744989818948
19.814,-0.005411171455331418,0.004121078403442113
19.815,-0.005391612613144539,0.004103659946148752
19.816,-0.005371918206604362,0.004085480508063205
19.817,-0.005352103789130744,0.004066531234459936
19.818,-0.005332185230851036,0.004046803534926174
19.819,-0.0053121787163740025,0.004026289092632335
19.82,-0.005292100742372657,0.0040049798737057385
19.821,-0.0052719681149211856,0.0039828681366702035
19.822,-0.005251797946588019,0.0039599464420239094
19.823,-0.005231607653290407,0.003936207661851904
19.824,-0.005211414950873627,0.003911644989548491
19.825,-0.005191237851468536,0.0038862519496190295
19.826,-0.005171094659504993,0.0038600224075165113
19.827,-0.00515100396752298,0.003832950579593042
19.828,-0.005130984651636236,0.003805031043061541
19.829,-0.005111055866732717,0.0037762587460353214
19.83,-0.005091237041362856,0.0037466290175942885
19.831,-0.005071547872310081,0.0037161375779064254
19.832,-0.0050520083188483195,0.003684780548340816
19.833,-0.005032638596677616,0.003652554461643337
19.834,-0.005013459171516695,0.0036194562720725243
19.835,-0.004994490752371114,0.003585483365567882
19.836,-0.004975754284428147,0.0035506335698979596
19.837,-0.004957270941643437,0.003514905164775539
19.838,-0.0049390621189169745,0.0034782968919365165
19.839,-0.00492114942394627,0.0034408079652087364
19.84,-0.004903554668693685,0.003402438080463255
19.841,-0.004886299860473082,0.0033631874255450056
19.842,-0.004869407192676114,0.003323056690103021
19.843,-0.004852899035103539,0.0032820470753230357
19.844,-0.0048367979239053414,0.003240160303527695
19.845,-0.004821126551149598,0.003197398627714898
19.846,-0.004805907753984231,0.0031537648408834773
19.847,-0.004791164503409306,0.0031092622852504914
19.848,-0.004776919892662337,0.0030638948612833894
19.849,-0.004763197125191851,0.0030176670365585356
19.85,-0.004750019502246588,0.002970583854405129
19.851,-0.004737410410068548,0.0029226509423443403
19.852,-0.004725393306688934,0.002873874520298525
19.853,-0.00471399170832904,0.002824261408529094
19.854,-0.0047032291754083855,0.002773819035356062
19.855,-0.004693129298183173,0.0027225554445401423
19.856,-0.0046837156819646494,0.002670479302410378
19.857,-0.004675011932008109,0.0026175999046610943
19.858,-0.004667041637982469,0.002563927182819392
19.859,-0.004659828358085705,0.0025094717103455455
19.86,-0.004653395602821173,0.002454244708415154
19.861,-0.004647766818390714,0.002398258051277302
19.862,-0.004642965369750604,0.0023415242712331308
19.863,-0.004639014523336794,0.0022840565631909726
19.864,-0.004635937429466469,0.002225868788807761
19.865,-0.004633757104400962,0.0021669754801811603
19.866,-0.004632496412133813,0.0021073918430602467
19.867,-0.00463217804585369,0.0020471337596081884
19.868,-0.004632824509154254,0.001986217790648337
19.869,-0.004634458096958213,0.0019246611774378919
19.87,-0.004637100876185046,0.0018624818428831513
19.871,-0.004640774666193587,0.00179969839224417
19.872,-0.0046455010189959955,0.0017363301132951037
19.873,-0.004651301199249683,0.0016723969759137036
19.874,-0.004658196164071912,0.0016079196311123978
19.875,-0.004666206542668097,0.001542919409467547
19.876,-0.004675352615825745,0.001477418318985041
19.877,-0.004685654295213809,0.001411439042333179
19.878,-0.0046971311026353935,0.001345004933471089
19.879,-0.004709802149112929,0.0012781400136831489
19.88,-0.00472368611392579,0.0012108689669232675
19.881,-0.004738801223562128,0.001143217134581681
19.882,-0.004755165230656916,0.0010752105095672426
19.883,-0.0047727953928587835,0.0010068757297732323
19.884,-0.004791708451742677,0.0009382400708349559
19.885,-0.00481192061170628,0.0008693314382918482
19.886,-0.004833447518921535,0.0008001783590206035
19.887,-0.004856304240325793,0.0007308099720528538
19.888,-0.004880505242710637,0.0006612560186897432
19.889,-0.004906064371921731,0.0005915468319549755
19.89,-0.0049329948321429895,0.0005217133253785089
19.891,-0.004961309165349287,0.00045178698109571425
19.892,-0.004991019230943083,0.00038179983728381384
19.893,-0.005022136185520193,0.0003117844749225551
19.894,-0.005054670462905336,0.0002417740038868077
19.895,-0.0050886317543714366,0.00017180204837219382
19.896,-0.005124028989125479,0.00010190273163795949
19.897,-0.005160870315060684,3.21106601358645e-5
19.898,-0.0051991630797973976,-3.7539093078575725e-5
19.899,-0.005238913812036505,-0.0001070110055425566
19.9,-0.005280128203228207,-0.00017626912323265298
19.901,-0.0053228110896187675,-0.00024527707907068264
19.902,-0.005366966434630388,-0.000313998112047964
19.903,-0.005412597311664408,-0.0003823950869835946
19.904,-0.005459705887284005,-0.00045043051488921626
19.905,-0.005508293404837328,-0.0005180665739638324
19.906,-0.005558360168523291,-0.0005852651311665513
19.907,-0.005609905527907105,-0.0006519877644107497
19.908,-0.005662927862941952,-0.0007181957853243381
19.909,-0.0057174245694679715,-0.0007838502625946431
19.91,-0.005773392045225284,-0.0008489120458619603
19.911,-0.005830825676418877,-0.0009133417902108809
19.912,-0.0058897198248160365,-0.0009770999811509196
19.913,-0.005950067815413684,-0.001040146960178956
19.914,-0.006011861924700795,-0.001102442950839888
19.915,-0.006075093369495688,-0.0011639480853266881
19.916,-0.006139752296430906,-0.0012246224315381748
19.917,-0.006205827772046396,-0.0012844260206885671
19.918,-0.006273307773539488,-0.0013433188753405045
19.919,-0.006342179180179985,-0.0014012610379447732
19.92,-0.006412427765405487,-0.0014582125998136575
19.921,-0.0064840381896069665,-0.0015141337305550617
19.922,-0.006556993993643095,-0.001568984707912613
19.923,-0.0066312775930564005,-0.0016227259480575962
19.924,-0.006706870273066212,-0.0016753180362613362
19.925,-0.00678375218428845,-0.0017267217579602645
19.926,-0.006861902339260706,-0.001776898130217558
19.927,-0.006941298609748264,-0.0018258084335265184
19.928,-0.007021917724853388,-0.0018734142439944534
19.929,-0.007103735269955003,-0.0019196774658076787
19.93,-0.007186725686521622,-0.0019645603640881942
19.931,-0.007270862272707762,-0.002008025597990723
19.932,-0.007356117184924599,-0.002050036254130652
19.933,-0.007442461440222564,-0.0020905558802563756
19.934,-0.007529864919640167,-0.002129548519191074
19.935,-0.007618296372451677,-0.0021669787429968307
19.936,-0.00770772342137141,-0.002202811687372172
19.937,-0.007798112568729615,-0.0022370130862261334
19.938,-0.00788942920362029,-0.002269549306445448
19.939,-0.007981637610059905,-0.0023003873828097154
19.94,-0.008074700976152843,-0.0023294950530270975
19.941,-0.008168581404312564,-0.0023568407929098617
19.942,-0.0082632399225257,-0.0023823938515979276
19.943,-0.008358636496683391,-0.0024061242868604754
19.944,-0.008454730044033104,-0.002428003000428433
19.945,-0.00855147844770221,-0.0024480017733302245
19.946,-0.008648838572380912,-0.0024660933011993458
19.947,-0.008746766281133495,-0.0024822512295198107
19.948,-0.008845216453378435,-0.002496450188800528
19.949,-0.008944143004036842,-0.0025086658296086736
19.95,-0.009043498903893832,-0.0025188748574667477
19.951,-0.009143236201143934,-0.0025270550675235634
19.952,-0.009243306044186217,-0.002533185379048161
19.953,-0.009343658705638636,-0.002537245869590414
19.954,-0.009444243607612202,-0.002539217808889299
19.955,-0.009545009348252864,-0.0025390836923737878
19.956,-0.009645903729528948,-0.0025368272743282357
19.957,-0.009746873786345811,-0.002532433600546155
19.958,-0.009847865816911272,-0.0025258890405497926
19.959,-0.009948825414411278,-0.00251718131924851
19.96,-0.010049697499995791,-0.002506299547999571
19.961,-0.010150426357061593,-0.002493234255055689
19.962,-0.0102509556668261,-0.002477977415293972
19.963,-0.010351228545243618,-0.0024605224792170494
19.964,-0.01045118758118646,-0.0024408644011417275
19.965,-0.01055077487592776,-0.0024189996665313755
19.966,-0.01064993208394005,-0.0023949263184173137
19.967,-0.01074860045494258,-0.002368643982840232
19.968,-0.010846720877226546,-0.0023401538932557066
19.969,-0.0109442339222251,-0.0023094589138468093
19.97,-0.011041079890323324,-0.00227656356169827
19.971,-0.011137198857879615,-0.002241474027713901
19.972,-0.011232530725409029,-0.0022041981963038942
19.973,-0.01132701526696861,-0.002164745663684041
19.974,-0.011420592180620248,-0.002123127754810092
19.975,-0.011513201140030793,-0.0020793575388215677
19.976,-0.011604781847091628,-0.002033449842975349
19.977,-0.01169527408559995,-0.00198542126497972
19.978,-0.011784617775849104,-0.0019352901836784467
19.979,-0.011872753030202854,-0.0018830767680372146
19.98,-0.011959620209501087,-0.001828802984354047
19.981,-0.012045159980306419,-0.0017724926016371365
19.982,-0.012129313372899325,-0.0017141711951248473
19.983,-0.012212021839968917,-0.0016538661478413957
19.984,-0.012293227315944566,-0.0015916066501860393
19.985,-0.01237287227688777,-0.0015274236974674449
19.986,-0.012450899800868609,-0.0014613500853626893
19.987,-0.012527253628781099,-0.0013934204032522574
19.988,-0.012601878225458246,-0.0013236710253417133
19.989,-0.012674718841087562,-0.0012521400996290122
19.99,-0.012745721572754914,-0.0011788675345570515
19.991,-0.012814833426122607,-0.0011038949834316636
19.992,-0.012882002377043344,-0.0010272658265052942
19.993,-0.01294717743312876,-0.0009490251507185965
19.994,-0.013010308695088763,-0.0008692197270827179
19.995,-0.01307134741779889,-0.0007878979857019741
19.996,-0.013130246070970547,-0.0007051099883817469
19.997,-0.013186958399330123,-0.0006209073988435176
19.998,-0.013241439482198775,-0.0005353434505338678
19.999,-0.01329364579239764,-0.0004484729120690645
20.0,-0.013343535254318972,-0.000360352050196161
20.001,-0.013391067301111392,-0.00027103859046576084
20.002,-0.013436202930836721,-0.00018059167547376798
20.003,-0.01347890476152766,-8.907182077461107e-5
20.004,-0.013519137084993554,3.4591315379584042e-6
20.005,-0.013556865919295363,9.693806151883644e-5
20.006,-0.013592059059805206,0.0001913006223379643
20.007,-0.01362468612869916,0.000286481293436891
20.008,-0.01365471862281073,0.00038241343587075427
20.009,-0.013682129959731809,0.00047902934973456657
20.01,-0.013706895522079654,0.0005762603336639804
20.011,-0.013728992699799991,0.0006740367463051178
20.012,-0.013748400930434446,0.0007722880697251244
20.013,-0.013765101737257368,0.0008709429746391328
20.014,-0.01377907876517892,0.0009699293874454173
20.015,-0.013790317814353692,0.001069174558901792
20.016,-0.013798806871377078,0.001168605134434647
20.017,-0.01380453613801405,0.001268147225934546
20.018,-0.013807498057393758,0.0013677264849591697
20.019,-0.013807687337561464,0.001467268177258868
20.02,-0.01380510097236795,0.0015666972584960914
20.021,-0.013799738259592853,0.0016659384510534503
20.022,-0.013791600816285499,0.0017649163218658726
20.023,-0.013780692591227522,0.0018635553610726052
20.024,-0.013767019874517755,0.001961780061470436
20.025,-0.013750591304199505,0.00205951499858692
20.026,-0.013731417869912582,0.002156684911265777
20.027,-0.01370951291355857,0.002253214782664409
20.028,-0.013684892126902548,0.0023490299214999066
20.029,-0.01365757354615918,0.002444056043465148
20.03,-0.013627577543494973,0.0025382193526456986
20.031,-0.01359492681547908,0.0026314466228297972
20.032,-0.013559646368472178,0.002723665278599574
20.033,-0.01352176350092768,0.002814803476047817
20.034,-0.01348130778268214,0.002904790183001049
20.035,-0.01343831103119017,0.002993555258649444
20.036,-0.013392807284750091,0.0030810295324241455
20.037,-0.013344832772775844,0.0031671448820094206
20.038,-0.013294425883085798,0.0032518343103868086
20.039,-0.01324162712633084,0.003335032021758222
20.04,-0.013186479097536397,0.0034166734962645107
20.041,-0.0131290264348385,0.0034966955633554953
20.042,-0.013069315775477555,0.003575036473719928
20.043,-0.013007395709112607,0.003651635969659228
20.044,-0.012943316728469587,0.0037264353537803663
20.045,-0.012877131177486165,0.00379937755593876
20.046,-0.012808893196931986,0.003870407198312581
20.047,-0.012738658667649977,0.0039394706585186845
20.048,-0.012666485151471396,0.004006516130646287
20.049,-0.012592431829882442,0.004071493684195099
20.05,-0.012516559440563568,0.004134355320760924
20.051,-0.012438930211868218,0.004195055028417355
20.052,-0.012359607795323191,0.004253548833738463
20.053,-0.012278657196286236,0.00430979485135527
20.054,-0.012196144702836004,0.004363753331023623
20.055,-0.01211213781300069,0.00441538670209371
20.056,-0.012026705160405174,0.0044646596153692375
20.057,-0.011939916438505019,0.0045115389823011665
20.058,-0.011851842323453543,0.004555994011414655
20.059,-0.011762554395692404,0.004597996242021812
20.06,-0.011672125060485122,0.004637519575093757
20.061,-0.011580627467362839,0.004674540301324276
20.062,-0.011488135428681566,0.004709037126321619
20.063,-0.011394723337367109,0.004740991192917987
20.064,-0.01130046608396703,0.004770386100580115
20.065,-0.011205438973110167,0.004797207921902302
20.066,-0.011109717639485532,0.004821445216192044
20.067,-0.011013377963442407,0.0048430890401023885
20.068,-0.010916495986338495,0.0048621329553660275
20.069,-0.010831550043212589,0.0008932873000637165
20.07,-0.0107427433449548,0.0009090261208832828
20.071,-0.010653595557648794,0.0009222498295011761
20.072,-0.010564181184832086,0.000932961649341757
20.073,-0.010474574472081007,0.0009411672800446746
20.074,-0.01038484932338722,0.0009468748878418976
20.075,-0.01029507921790128,0.0009500950930938501
20.076,-0.0102053371272861,0.0009508409550466057
20.077,-0.01011569543364426,0.0009491279538430542
20.078,-0.010026225848181095,0.00094497396978932
20.079,-0.0099369993306749,0.0009383992599333868
20.08,-0.00984808600982355,0.0009294264320117707
20.081,-0.00975955510456075,0.000918080415766187
20.082,-0.009671474846450936,0.0009043884317053164
20.083,-0.009583912403171389,0.0008883799573492501
20.084,-0.009496933803239389,0.0008700866910038574
20.085,-0.00941060386199098,0.0008495425131098688
20.086,-0.009324986108929251,0.0008267834452150291
20.087,-0.009240142716483699,0.0008018476066521396
20.088,-0.009156134430253524,0.0007747751689293758
20.089,-0.009073020500807414,0.000745608307915202
20.09,-0.008990858617091972,0.0007143911539023162
20.091,-0.008909704841507875,0.0006811697395375793
20.092,-0.008829613546724048,0.0006459919457489915
20.093,-0.008750637354264991,0.0006089074456817056
20.094,-0.008672827074945579,0.0005699676467393611
20.095,-0.008596231651188765,0.0005292256307527221
20.096,-0.00852089810127011,0.0004867360923752895
20.097,-0.008446871465566351,0.0004425552757529039
20.098,-0.008374194754807975,0.0003967409095157748
20.099,-0.00830290890041531,0.00034935214019990446
20.1,-0.008233052706953667,0.00030044946411217355
20.101,-0.008164662806709827,0.00025009465773234707
20.102,-0.00809777361648592,0.00019835070671300747
20.103,-0.00803241729659615,0.000145281733560515
20.104,-0.007968623712122813,9.095292401037347e-5
20.105,-0.007906420396469854,3.543045222739738e-5
20.106,-0.007845832517207649,-2.121859514930824e-5
20.107,-0.007786882844303705,-7.892629600469991e-5
20.108,-0.007729591720677956,-0.00013762397078997957
20.109,-0.007673977035201021,-0.00019724226146744517
20.11,-0.0076200541980870895,-0.00025771121133455477
20.111,-0.007567836118724386,-0.0003189603456451029
20.112,-0.007517333186004227,-0.0003809187529606184
20.113,-0.007468553251097229,-0.000443515167168812
20.114,-0.0074215016127581745,-0.0005066780500914969
20.115,-0.007376181005123772,-0.0005703356746024624
20.116,-0.007332591588073548,-0.000634416208236871
20.117,-0.00729073094010102,-0.0006988477971391904
20.118,-0.007250594053793413,-0.0007635586503534908
20.119,-0.007212173333808941,-0.0008284771243670663
20.12,-0.007175458597513257,-0.0008935318077910315
20.121,-0.007140437078134831,-0.0009586516061806105
20.122,-0.007107093430557848,-0.0010237658268528183
20.123,-0.0070754097396791005,-0.0010888042637051398
20.124,-0.0070453655313815755,-0.0011536972818787516
20.125,-0.007016937786114147,-0.0012183759022699747
20.126,-0.006990100955064499,-0.0012827718857588988
20.127,-0.006964826978918287,-0.0013468178171296696
20.128,-0.006941085309248085,-0.0014104471885798275
20.129,-0.006918842932464059,-0.0014735944827500291
20.13,-0.006898064396356429,-0.0015361952552057634
20.131,-0.006878711839234358,-0.0015981862162884608
20.132,-0.006860745021606218,-0.001659505312299553
20.133,-0.006844121360420535,-0.001720091805865076
20.134,-0.006828795965861972,-0.0017798863554801536
20.135,-0.006814721680660968,-0.001838831094150839
20.136,-0.006801849121909592,-0.0018968697069898233
20.137,-0.0067901267253753506,-0.0019539475077840762
20.138,-0.006779500792267135,-0.0020100115144109643
20.139,-0.00676991553846415,-0.002065010523004729
20.14,-0.006761313146146253,-0.0021188951808571443
20.141,-0.006753633817822735,-0.002171618057942498
20.142,-0.006746815832709752,-0.0022231337169892618
20.143,-0.006740795605452959,-0.0022733987820373613
20.144,-0.006735507747129582,-0.002322372005399226
20.145,-0.0067308851285029225,-0.0023700143329622725
20.146,-0.006726858945520248,-0.002416288967734659
20.147,-0.006723358786942274,-0.002461161431604769
20.148,-0.006720312704150827,-0.0025045996251866487
20.149,-0.00671764728301949,-0.002546573885727127
20.15,-0.006715287717817431,-0.00258705704297324
20.151,-0.006713157887102639,-0.0026260244729684468
20.152,-0.006711180431575703,-0.002663454149638672
20.153,-0.006709276833761574,-0.002699326694187751
20.154,-0.00670736749955303,-0.002733625422152358
20.155,-0.00670537184149389,-0.0027663363881316044
20.156,-0.006703208363761204,-0.0027974484280434697
20.157,-0.006700794748776606,-0.002826953198910867
20.158,-0.006698047945388891,-0.0028548452160852833
20.159,-0.006694884258520467,-0.0028811218878461303
20.16,-0.0066912194402817815,-0.0029057835473375454
20.161,-0.006686968782376956,-0.0029288334817636485
20.162,-0.00668204720981852,-0.0029502779587976397
20.163,-0.006676369375796298,-0.0029701262501467818
20.164,-0.006669849757679452,-0.0029883906522375075
20.165,-0.006662402754019803,-0.0030050865039525088
20.166,-0.006653942782503197,-0.0030202322013827
20.167,-0.006644384378728219,-0.0030338492095509095
20.168,-0.006633642295772235,-0.003045962071065042
20.169,-0.006621631604391914,-0.0030565984116541767
20.17,-0.006608267793807104,-0.0030657889425636242
20.171,-0.006593466872947568,-0.0030735674597637264
20.172,-0.006577145472096951,-0.0030799708399597836
20.173,-0.006559220944783645,-0.00308503903334522
20.174,-0.006539611469858597,-0.0030888150531035233
20.175,-0.0065182361536649525,-0.0030913449616152486
20.176,-0.006495015132136045,-0.003092677853366539
20.177,-0.006469869672776185,-0.0030928658345325474
20.178,-0.0064427222764111836,-0.003091963999248451
20.179,-0.006413496778551436,-0.0030900304024924496
20.18,-0.006382118450327906,-0.003087126029696359
20.181,-0.006348514098832775,-0.003083314762923388
20.182,-0.00631261216678794,-0.0030786633437711736
20.183,-0.00627434283142711,-0.003073241332908934
20.184,-0.006233638102449979,-0.0030671210662731874
20.185,-0.006190431918997014,-0.0030603776079671657
20.186,-0.006144660245453293,-0.0030530886998466657
20.187,-0.006096261166049444,-0.0030453347078260896
20.188,-0.0060451749780729425,-0.0030371985649515106
20.189,-0.005991344283633404,-0.0030287657112071063
20.19,-0.005934714079862624,-0.0030201240301771307
20.191,-0.005875231847373041,-0.0030113637825132204
20.192,-0.005812847636971985,-0.0030025775362958096
20.193,-0.005747514154428396,-0.002993860094334432
20.194,-0.0056791868432244375,-0.0029853084184303614
20.195,-0.005607823965187858,-0.0029770215506759283
20.196,-0.005533386678842261,-0.0029691005318352795
20.197,-0.005455839115490246,-0.002961648316878165
20.198,-0.005375148452751721,-0.0029547696877092466
20.199,-0.005291284985618927,-0.00294857116318796
20.2,-0.005204222194828412,-0.0029431609065063286
